source_file,sheet,source_column,raw_township,raw_state_region,canonical_township,canonical_state_region,match_type,confidence,row_count,status,notes
01_Data/Booking/KMMF3002 KMM Booking Data.2.xlsx,Data,Township,THARYARWADDY,BAGO WEST,Thayarwady,Bago (West),Alias Match,97.0,37,OK,matched by current app township alias helper; multiple raw forms for same canonical: THARYARWADDY | Tharyarwaddy
01_Data/Booking/KMMF3002 KMM Booking Data.2.xlsx,Data,Township,DANUBYU,AYEYARWADDY,Danubyu,Ayeyarwady,Normalized Match,99.0,1,Township / State mismatch,capitalization/spaces/punctuation differ from canonical; normalized match but state mismatch or no canonical state match; raw state='AYEYARWADDY'; multiple raw forms for same canonical: DANUBYU | Danubyu
01_Data/Booking/KMMF3002 KMM Booking Data.2.xlsx,Data,Township,DEDAYE,AYEYARWADDY,Dedaye,Ayeyarwady,Normalized Match,99.0,5,Township / State mismatch,capitalization/spaces/punctuation differ from canonical; normalized match but state mismatch or no canonical state match; raw state='AYEYARWADDY'; multiple raw forms for same canonical: DEDAYE | Dedaye
01_Data/Booking/KMMF3002 KMM Booking Data.2.xlsx,Data,Township,ZALUN,AYEYARWADDY,Zalun,Ayeyarwady,Normalized Match,99.0,6,Township / State mismatch,capitalization/spaces/punctuation differ from canonical; normalized match but state mismatch or no canonical state match; raw state='AYEYARWADDY'; multiple raw forms for same canonical: ZALUN | Zalun
01_Data/Booking/KMMF3002 KMM Booking Data.2.xlsx,Data,Township,DAIK-U ,BAGO EAST,Daik-U,Bago (East),Normalized Match,99.0,2,OK,leading/trailing whitespace; capitalization/spaces/punctuation differ from canonical; multiple raw forms for same canonical: DAIK-U  | Daik U | Daik-U
01_Data/Booking/KMMF3002 KMM Booking Data.2.xlsx,Data,Township,KYAUKTAGA,BAGO EAST,Kyauktaga,Bago (East),Normalized Match,99.0,3,OK,capitalization/spaces/punctuation differ from canonical; multiple raw forms for same canonical: KYAUKTAGA | Kyauktaga
01_Data/Booking/KMMF3002 KMM Booking Data.2.xlsx,Data,Township,NYAUNGLEBIN,BAGO EAST,Nyaunglebin,Bago (East),Normalized Match,99.0,4,OK,capitalization/spaces/punctuation differ from canonical; multiple raw forms for same canonical: NYAUNGLEBIN | Nyaunglebin
01_Data/Booking/KMMF3002 KMM Booking Data.2.xlsx,Data,Township,PHYU,BAGO EAST,Phyu,Bago (East),Normalized Match,99.0,3,OK,capitalization/spaces/punctuation differ from canonical; multiple raw forms for same canonical: PHYU | Phyu
01_Data/Booking/KMMF3002 KMM Booking Data.2.xlsx,Data,Township,TAUNGOO,BAGO EAST,Taungoo,Bago (East),Normalized Match,99.0,2,OK,capitalization/spaces/punctuation differ from canonical; multiple raw forms for same canonical: TAUNGOO | Taungoo
01_Data/Booking/KMMF3002 KMM Booking Data.2.xlsx,Data,Township,GYOBINGAUK,BAGO WEST,Gyobingauk,Bago (West),Normalized Match,99.0,11,OK,capitalization/spaces/punctuation differ from canonical; multiple raw forms for same canonical: GYOBINGAUK | Gyobingauk
01_Data/Booking/KMMF3002 KMM Booking Data.2.xlsx,Data,Township,MINHLA,BAGO WEST,Minhla,Bago (West),Normalized Match,99.0,7,OK,capitalization/spaces/punctuation differ from canonical; multiple raw forms for same canonical: MINHLA | Min Hla | MinHla | Minhla
01_Data/Booking/KMMF3002 KMM Booking Data.2.xlsx,Data,Township,NATTALIN,BAGO WEST,Nattalin,Bago (West),Normalized Match,99.0,25,OK,capitalization/spaces/punctuation differ from canonical; multiple raw forms for same canonical: NATTALIN | Nattalin | nattalin
01_Data/Booking/KMMF3002 KMM Booking Data.2.xlsx,Data,Township,PADAUNG,BAGO WEST,Padaung,Bago (West),Normalized Match,99.0,2,OK,capitalization/spaces/punctuation differ from canonical; multiple raw forms for same canonical: PADAUNG | Padaung
01_Data/Booking/KMMF3002 KMM Booking Data.2.xlsx,Data,Township,PAUK KHAUNG,BAGO WEST,Paukkhaung,Bago (West),Normalized Match,98.0,3,OK,space/punctuation-insensitive match; multiple raw forms for same canonical: PAUK KHAUNG | Pauk Khaung | Paukkhaung | Phaukkhaung
01_Data/Booking/KMMF3002 KMM Booking Data.2.xlsx,Data,Township,PAUNGDE,BAGO WEST,Paungde,Bago (West),Normalized Match,99.0,10,OK,capitalization/spaces/punctuation differ from canonical; multiple raw forms for same canonical: PAUNGDE | Paungde | Paungde 
01_Data/Booking/KMMF3002 KMM Booking Data.2.xlsx,Data,Township,HLAINGBWE,KAYIN,Hlaingbwe,Kayin,Normalized Match,99.0,3,OK,capitalization/spaces/punctuation differ from canonical; multiple raw forms for same canonical: HLAINGBWE | HlaingBwe | Hlaingbwe
01_Data/Booking/KMMF3002 KMM Booking Data.2.xlsx,Data,Township,HPA-AN,KAYIN,Hpa-An,Kayin,Normalized Match,99.0,3,OK,capitalization/spaces/punctuation differ from canonical; multiple raw forms for same canonical: HPA-AN | Hpa An | Hpa-An | Hpa-An  | Hpa-an
01_Data/Booking/KMMF3002 KMM Booking Data.2.xlsx,Data,Township,KAWKAREIK,KAYIN,Kawkareik,Kayin,Normalized Match,99.0,1,OK,capitalization/spaces/punctuation differ from canonical; multiple raw forms for same canonical: KAWKAREIK | Kawkareik
01_Data/Booking/KMMF3002 KMM Booking Data.2.xlsx,Data,Township,AUNG LAN,MAGWAY,Aunglan,Magway,Normalized Match,98.0,1,OK,space/punctuation-insensitive match; multiple raw forms for same canonical: AUNG LAN | Aung Lan
01_Data/Booking/KMMF3002 KMM Booking Data.2.xlsx,Data,Township,MAGWAY,MAGWAY,Magway,Magway,Normalized Match,99.0,1,OK,capitalization/spaces/punctuation differ from canonical; multiple raw forms for same canonical: MAGWAY | Magway
01_Data/Booking/KMMF3002 KMM Booking Data.2.xlsx,Data,Township,MINBU,MAGWAY,Minbu,Magway,Normalized Match,99.0,3,OK,capitalization/spaces/punctuation differ from canonical; multiple raw forms for same canonical: MINBU | MinBu | Minbu
01_Data/Booking/KMMF3002 KMM Booking Data.2.xlsx,Data,Township,MINHLA,MAGWAY,Minhla,Magway,Normalized Match,99.0,5,OK,capitalization/spaces/punctuation differ from canonical; multiple raw forms for same canonical: MINHLA | Min Hla
01_Data/Booking/KMMF3002 KMM Booking Data.2.xlsx,Data,Township,MYO THIT,MAGWAY,Myothit,Magway,Normalized Match,98.0,1,OK,space/punctuation-insensitive match
01_Data/Booking/KMMF3002 KMM Booking Data.2.xlsx,Data,Township,SALIN,MAGWAY,Salin,Magway,Normalized Match,99.0,1,OK,capitalization/spaces/punctuation differ from canonical; multiple raw forms for same canonical: SALIN | Sa Lin
01_Data/Booking/KMMF3002 KMM Booking Data.2.xlsx,Data,Township,SEIK PHYU,MAGWAY,Seikphyu,Magway,Normalized Match,98.0,1,OK,space/punctuation-insensitive match; multiple raw forms for same canonical: SEIK PHYU | Seikphyu
01_Data/Booking/KMMF3002 KMM Booking Data.2.xlsx,Data,Township,TAUNGDWINGYI,MAGWAY,Taungdwingyi,Magway,Normalized Match,99.0,2,OK,capitalization/spaces/punctuation differ from canonical; multiple raw forms for same canonical: TAUNGDWINGYI | Taungdwingyi
01_Data/Booking/KMMF3002 KMM Booking Data.2.xlsx,Data,Township,KYAUKPADAUNG,MANDALAY,Kyaukpadaung,Mandalay,Normalized Match,99.0,1,OK,capitalization/spaces/punctuation differ from canonical; multiple raw forms for same canonical: KYAUKPADAUNG | Kyauk Pa Daung
01_Data/Booking/KMMF3002 KMM Booking Data.2.xlsx,Data,Township,PYAWBWE,MANDALAY,Pyawbwe,Mandalay,Normalized Match,99.0,1,OK,capitalization/spaces/punctuation differ from canonical; multiple raw forms for same canonical: PYAWBWE | Pyawbwe
01_Data/Booking/KMMF3002 KMM Booking Data.2.xlsx,Data,Township,TATKON,MANDALAY,Tatkon,Nay Pyi Taw,Normalized Match,99.0,1,Township / State mismatch,capitalization/spaces/punctuation differ from canonical; normalized match but state mismatch or no canonical state match; raw state='MANDALAY'; multiple raw forms for same canonical: TATKON | Tatkon
01_Data/Booking/KMMF3002 KMM Booking Data.2.xlsx,Data,Township,BILIN,MON,Bilin,Mon,Normalized Match,99.0,12,OK,capitalization/spaces/punctuation differ from canonical; multiple raw forms for same canonical: BILIN | Bilin
01_Data/Booking/KMMF3002 KMM Booking Data.2.xlsx,Data,Township,CHAUNGZON,MON,Chaungzon,Mon,Normalized Match,99.0,3,OK,capitalization/spaces/punctuation differ from canonical; multiple raw forms for same canonical: CHAUNGZON | Chaungzon
01_Data/Booking/KMMF3002 KMM Booking Data.2.xlsx,Data,Township,KYAIKMARAW,MON,Kyaikmaraw,Mon,Normalized Match,99.0,2,OK,capitalization/spaces/punctuation differ from canonical; multiple raw forms for same canonical: KYAIKMARAW | Kyaikmaraw | Kyaikmaraw 
01_Data/Booking/KMMF3002 KMM Booking Data.2.xlsx,Data,Township,MAWLAMYINE,MON,Mawlamyine,Mon,Normalized Match,99.0,2,OK,capitalization/spaces/punctuation differ from canonical; multiple raw forms for same canonical: MAWLAMYINE | Mawlamyine
01_Data/Booking/KMMF3002 KMM Booking Data.2.xlsx,Data,Township,MUDON,MON,Mudon,Mon,Normalized Match,99.0,12,OK,capitalization/spaces/punctuation differ from canonical; multiple raw forms for same canonical: MUDON | Mudon
01_Data/Booking/KMMF3002 KMM Booking Data.2.xlsx,Data,Township,PAUNG,MON,Paung,Mon,Normalized Match,99.0,8,OK,capitalization/spaces/punctuation differ from canonical; multiple raw forms for same canonical: PAUNG | Paung | Paung 
01_Data/Booking/KMMF3002 KMM Booking Data.2.xlsx,Data,Township,THANBYUZAYAT,MON,Thanbyuzayat,Mon,Normalized Match,99.0,6,OK,capitalization/spaces/punctuation differ from canonical; multiple raw forms for same canonical: THANBYUZAYAT | Thanbyuzayat
01_Data/Booking/KMMF3002 KMM Booking Data.2.xlsx,Data,Township,THATON,MON,Thaton,Mon,Normalized Match,99.0,25,OK,capitalization/spaces/punctuation differ from canonical; multiple raw forms for same canonical: THATON | Thaton
01_Data/Booking/KMMF3002 KMM Booking Data.2.xlsx,Data,Township,YE,MON,Ye,Mon,Normalized Match,99.0,4,OK,capitalization/spaces/punctuation differ from canonical; multiple raw forms for same canonical: YE | YE  | Ye
01_Data/Booking/KMMF3002 KMM Booking Data.2.xlsx,Data,Township,YE ,MON,Ye,Mon,Normalized Match,99.0,1,OK,leading/trailing whitespace; capitalization/spaces/punctuation differ from canonical; multiple raw forms for same canonical: YE | YE  | Ye
01_Data/Booking/KMMF3002 KMM Booking Data.2.xlsx,Data,Township,THATON,MON ,Thaton,Mon,Normalized Match,99.0,1,OK,capitalization/spaces/punctuation differ from canonical; multiple raw forms for same canonical: THATON | Thaton
01_Data/Booking/KMMF3002 KMM Booking Data.2.xlsx,Data,Township,PIN LAUNG,SHAN,Pinlaung,Shan (South),Normalized Match,98.0,1,OK,space/punctuation-insensitive match; multiple raw forms for same canonical: PIN LAUNG | Pinlaung
01_Data/Booking/KMMF3002 KMM Booking Data.2.xlsx,Data,Township,TAUNGGYI,SHAN,Taunggyi,Shan (South),Normalized Match,99.0,2,OK,capitalization/spaces/punctuation differ from canonical; multiple raw forms for same canonical: TAUNGGYI | Taung Gyi | Taunggyi
01_Data/Booking/KMMF3002 KMM Booking Data.2.xlsx,Data,Township,DAWEI,TANINTHARYI,Dawei,Tanintharyi,Normalized Match,99.0,1,OK,capitalization/spaces/punctuation differ from canonical; multiple raw forms for same canonical: DAWEI | Dawei
01_Data/Booking/KMMF3002 KMM Booking Data.2.xlsx,Data,Township,LAUNGLON,TANINTHARYI,Launglon,Tanintharyi,Normalized Match,99.0,3,OK,capitalization/spaces/punctuation differ from canonical; multiple raw forms for same canonical:  Launglon | LAUNGLON | Launglon | Launglon 
01_Data/Booking/KMMF3002 KMM Booking Data.2.xlsx,Data,Township,PALAW,TANINTHARYI,Palaw,Tanintharyi,Normalized Match,99.0,2,OK,capitalization/spaces/punctuation differ from canonical; multiple raw forms for same canonical: PALAW | Palaw
01_Data/Booking/KMMF3002 KMM Booking Data.2.xlsx,Data,Township,YEBYU,TANINTHARYI,Yebyu,Tanintharyi,Normalized Match,99.0,1,OK,capitalization/spaces/punctuation differ from canonical; multiple raw forms for same canonical: YEBYU | Yebyu
01_Data/Booking/KMMF3002 KMM Booking Data.2.xlsx,Data,Township,HMAWBI,YANGON,Hmawbi,Yangon,Normalized Match,99.0,3,OK,capitalization/spaces/punctuation differ from canonical; multiple raw forms for same canonical: HMAWBI | Hmaw Bi | Hmawbi
01_Data/Booking/KMMF3002 KMM Booking Data.2.xlsx,Data,Township,MAYANGONE,YANGON,Mayangone,Yangon,Normalized Match,99.0,3,OK,capitalization/spaces/punctuation differ from canonical; multiple raw forms for same canonical: MAYANGONE | Mayangone
01_Data/Booking/KMMF3002 KMM Booking Data.2.xlsx,Data,Township,SAN CHAUNG,YANGON,Sanchaung,Yangon,Normalized Match,98.0,2,OK,space/punctuation-insensitive match; multiple raw forms for same canonical: SAN CHAUNG | San Chaung
01_Data/Booking/KMMF3002 KMM Booking Data.2.xlsx,Data,Township,TAIKKYI,YANGON,Taikkyi,Yangon,Normalized Match,99.0,1,OK,capitalization/spaces/punctuation differ from canonical; multiple raw forms for same canonical: TAIKKYI | Taikkyi
01_Data/Booking/KMMF3002 KMM Booking Data.2.xlsx,Data,Township,,,,,Unmatched,0.0,1,Blank township,blank Township value
01_Data/Booking/KMMF3002 KMM Booking Data.2.xlsx,Data,Township,BOGALAE,AYEYARWADDY,,,Unmatched,92.3,1,Needs alias or source correction,no exact/normalized/current-alias match; fuzzy below 95; top suggestion Bogale (Ayeyarwady)
01_Data/Booking/KMMF3002 KMM Booking Data.2.xlsx,Data,Township,HTANTAPIN,BAGO EAST,,,Unmatched,88.9,2,Needs alias or source correction,no exact/normalized/current-alias match; fuzzy below 95; top suggestion Htantabin (Bago (East))
01_Data/Booking/KMMF3002 KMM Booking Data.2.xlsx,Data,Township,LATPADAN,BAGO WEST,,,Unmatched,87.5,6,Needs alias or source correction,no exact/normalized/current-alias match; fuzzy below 95; top suggestion Letpadan (Bago (West))
01_Data/Booking/KMMF3002 KMM Booking Data.2.xlsx,Data,Township,MOE NYO,BAGO WEST,,,Unmatched,90.9,4,Needs alias or source correction,no exact/normalized/current-alias match; fuzzy below 95; top suggestion Monyo (Bago (West))
01_Data/Booking/KMMF3002 KMM Booking Data.2.xlsx,Data,Township,OAKPHO,BAGO WEST,,,Unmatched,90.9,14,Needs alias or source correction,no exact/normalized/current-alias match; fuzzy below 95; top suggestion Okpho (Bago (West))
01_Data/Booking/KMMF3002 KMM Booking Data.2.xlsx,Data,Township,SHWE TAUNG,BAGO WEST,,,Unmatched,88.9,2,Needs alias or source correction,no exact/normalized/current-alias match; fuzzy below 95; top suggestion Shwedaung (Bago (West))
01_Data/Booking/KMMF3002 KMM Booking Data.2.xlsx,Data,Township,THAE KONE,BAGO WEST,,,Unmatched,71.4,6,Needs alias or source correction,no exact/normalized/current-alias match; fuzzy below 95; top suggestion Thegon (Bago (West))
01_Data/Booking/KMMF3002 KMM Booking Data.2.xlsx,Data,Township,THONZE,BAGO WEST,,,Unmatched,66.7,1,Needs alias or source correction,no exact/normalized/current-alias match; fuzzy below 95; top suggestion Thegon (Bago (West))
01_Data/Booking/KMMF3002 KMM Booking Data.2.xlsx,Data,Township,TIKEKYI ,BAGO WEST,,,Unmatched,30.8,1,Needs alias or source correction,no exact/normalized/current-alias match; fuzzy below 95; top suggestion Thegon (Bago (West))
01_Data/Booking/KMMF3002 KMM Booking Data.2.xlsx,Data,Township,ZEE KONE,BAGO WEST,,,Unmatched,50.0,8,Needs alias or source correction,no exact/normalized/current-alias match; fuzzy below 95; top suggestion Zigon (Bago (West))
01_Data/Booking/KMMF3002 KMM Booking Data.2.xlsx,Data,Township,MYOE THIT,MAGWAY,,,Unmatched,93.3,2,Needs alias or source correction,no exact/normalized/current-alias match; fuzzy below 95; top suggestion Myothit (Magway)
01_Data/Booking/KMMF3002 KMM Booking Data.2.xlsx,Data,Township,MYITTHAR,MANDALAY,,,Unmatched,93.3,1,Needs alias or source correction,no exact/normalized/current-alias match; fuzzy below 95; top suggestion Myittha (Mandalay)
01_Data/Booking/KMMF3002 KMM Booking Data.2.xlsx,Data,Township,NAYPYITAW,MANDALAY,,,Unmatched,50.0,2,Needs alias or source correction,no exact/normalized/current-alias match; fuzzy below 95; top suggestion Myittha (Mandalay)
01_Data/Booking/KMMF3002 KMM Booking Data.2.xlsx,Data,Township,KYAIKHTO,MON,,,Unmatched,93.3,4,Needs alias or source correction,no exact/normalized/current-alias match; fuzzy below 95; top suggestion Kyaikto (Mon)
01_Data/Booking/KMMF3002 KMM Booking Data.2.xlsx,Data,Township,HLAINGTHARYAR,YANGON,,,Unmatched,82.8,2,Needs alias or source correction,no exact/normalized/current-alias match; fuzzy below 95; top suggestion Hlaingtharya (East) (Yangon)
01_Data/Booking/KMMF3002 KMM Booking Data.2.xlsx,Data,Township,HTANTAPIN,YANGON,,,Unmatched,88.9,1,Needs alias or source correction,no exact/normalized/current-alias match; fuzzy below 95; top suggestion Htantabin (Yangon)
01_Data/Booking/KMMF3002 KMM Booking Data.2.xlsx,Data,Township,LANMATAW,YANGON,,,Unmatched,87.5,1,Needs alias or source correction,no exact/normalized/current-alias match; fuzzy below 95; top suggestion Lanmadaw (Yangon)
01_Data/Booking/KMMF3002 KMM Booking Data.2.xlsx,Data,Township,OAKKAN,YANGON,,,Unmatched,57.1,1,Needs alias or source correction,no exact/normalized/current-alias match; fuzzy below 95; top suggestion Kyauktan (Yangon)
01_Data/Booking/KMMF3002 KMM Booking Data.2.xlsx,Data,Township,TIKEKYI ,YANGON,,,Unmatched,85.7,7,Needs alias or source correction,no exact/normalized/current-alias match; fuzzy below 95; top suggestion Taikkyi (Yangon)
01_Data/Marketing/2026 Marketing Summary.xlsx,Sheet1,Township,Tharyarwaddy,Bago,Thayarwady,Bago (West),Alias Match,97.0,1,Township / State mismatch,matched by current app township alias helper; state mismatch or no canonical state match; raw state='Bago'; multiple raw forms for same canonical: THARYARWADDY | Tharyarwaddy
01_Data/Marketing/2026 Marketing Summary.xlsx,Sheet1,Township,Tharyarwaddy,Bago West,Thayarwady,Bago (West),Alias Match,97.0,1,OK,matched by current app township alias helper; multiple raw forms for same canonical: THARYARWADDY | Tharyarwaddy
01_Data/Marketing/2026 Marketing Summary.xlsx,Sheet1,Township,Tharyarwaddy/ Oakkan,Bago,,,Ambiguous,0.0,4,Needs manual review,contains separator; multiple possible townships
01_Data/Marketing/2026 Marketing Summary.xlsx,Sheet1,Township,Minhla,Bago,Minhla,Bago (West),Exact Match,100.0,1,Township / State mismatch,exact township name but raw state 'Bago' differs from canonical 'Bago (West)'; multiple raw forms for same canonical: MINHLA | Min Hla | MinHla | Minhla
01_Data/Marketing/2026 Marketing Summary.xlsx,Sheet1,Township,Letpadan,Bago West,Letpadan,Bago (West),Exact Match,100.0,2,OK,
01_Data/Marketing/2026 Marketing Summary.xlsx,Sheet1,Township,Nattalin,Bago West,Nattalin,Bago (West),Exact Match,100.0,1,OK,multiple raw forms for same canonical: NATTALIN | Nattalin | nattalin
01_Data/Marketing/2026 Marketing Summary.xlsx,Sheet1,Township,Hpa-An,Kayin,Hpa-An,Kayin,Exact Match,100.0,10,OK,multiple raw forms for same canonical: HPA-AN | Hpa An | Hpa-An | Hpa-An  | Hpa-an
01_Data/Marketing/2026 Marketing Summary.xlsx,Sheet1,Township,Bilin,Mon,Bilin,Mon,Exact Match,100.0,4,OK,multiple raw forms for same canonical: BILIN | Bilin
01_Data/Marketing/2026 Marketing Summary.xlsx,Sheet1,Township,Paung,Mon,Paung,Mon,Exact Match,100.0,3,OK,multiple raw forms for same canonical: PAUNG | Paung | Paung 
01_Data/Marketing/2026 Marketing Summary.xlsx,Sheet1,Township,Bilin,Tue,Bilin,Mon,Exact Match,100.0,1,Township / State mismatch,exact township name but raw state 'Tue' differs from canonical 'Mon'; multiple raw forms for same canonical: BILIN | Bilin
01_Data/Marketing/2026 Marketing Summary.xlsx,Sheet1,Township,HlaingBwe,Kayin,Hlaingbwe,Kayin,Normalized Match,99.0,1,OK,capitalization/spaces/punctuation differ from canonical; multiple raw forms for same canonical: HLAINGBWE | HlaingBwe | Hlaingbwe
01_Data/Marketing/2026 Marketing Summary.xlsx,Sheet1,Township,,,,,Unmatched,0.0,17,Blank township,blank Township value
01_Data/Marketing/2026 Marketing Summary.xlsx,Sheet1,Township,Gtopin Kouk,Bago West,,,Unmatched,60.0,1,Needs alias or source correction,no exact/normalized/current-alias match; fuzzy below 95; top suggestion Gyobingauk (Bago (West))
01_Data/Marketing/2026 Marketing Summary.xlsx,Sheet1,Township,Eaindu,Kayin,,,Unmatched,44.4,1,Needs alias or source correction,no exact/normalized/current-alias match; fuzzy below 95; top suggestion Thandaunggyi (Kayin)
01_Data/Marketing/2026 Marketing Summary.xlsx,Sheet1,Township,Kyeikmaraw,Mon,,,Unmatched,90.0,1,Needs alias or source correction,no exact/normalized/current-alias match; fuzzy below 95; top suggestion Kyaikmaraw (Mon)
01_Data/Sales/2026_KMM_CPI copy.xlsx,2026_KMM_DATA,Township,Tharyarwaddy,BAGO WEST,Thayarwady,Bago (West),Alias Match,97.0,315,OK,matched by current app township alias helper; multiple raw forms for same canonical: THARYARWADDY | Tharyarwaddy
01_Data/Sales/2026_KMM_CPI copy.xlsx,2026_KMM_DATA,Township,Bogale,AYEYARWADDY,Bogale,Ayeyarwady,Exact Match,100.0,4,Township / State mismatch,exact township name but raw state 'AYEYARWADDY' differs from canonical 'Ayeyarwady'
01_Data/Sales/2026_KMM_CPI copy.xlsx,2026_KMM_DATA,Township,Danubyu,AYEYARWADDY,Danubyu,Ayeyarwady,Exact Match,100.0,5,Township / State mismatch,exact township name but raw state 'AYEYARWADDY' differs from canonical 'Ayeyarwady'; multiple raw forms for same canonical: DANUBYU | Danubyu
01_Data/Sales/2026_KMM_CPI copy.xlsx,2026_KMM_DATA,Township,Dedaye,AYEYARWADDY,Dedaye,Ayeyarwady,Exact Match,100.0,16,Township / State mismatch,exact township name but raw state 'AYEYARWADDY' differs from canonical 'Ayeyarwady'; multiple raw forms for same canonical: DEDAYE | Dedaye
01_Data/Sales/2026_KMM_CPI copy.xlsx,2026_KMM_DATA,Township,Hinthada,AYEYARWADDY,Hinthada,Ayeyarwady,Exact Match,100.0,3,Township / State mismatch,exact township name but raw state 'AYEYARWADDY' differs from canonical 'Ayeyarwady'
01_Data/Sales/2026_KMM_CPI copy.xlsx,2026_KMM_DATA,Township,Ingapu,AYEYARWADDY,Ingapu,Ayeyarwady,Exact Match,100.0,1,Township / State mismatch,exact township name but raw state 'AYEYARWADDY' differs from canonical 'Ayeyarwady'
01_Data/Sales/2026_KMM_CPI copy.xlsx,2026_KMM_DATA,Township,Kangyidaunt,AYEYARWADDY,Kangyidaunt,Ayeyarwady,Exact Match,100.0,2,Township / State mismatch,exact township name but raw state 'AYEYARWADDY' differs from canonical 'Ayeyarwady'; multiple raw forms for same canonical: Kan Gyi Daunt | Kangyidaunt
01_Data/Sales/2026_KMM_CPI copy.xlsx,2026_KMM_DATA,Township,Kyangin,AYEYARWADDY,Kyangin,Ayeyarwady,Exact Match,100.0,3,Township / State mismatch,exact township name but raw state 'AYEYARWADDY' differs from canonical 'Ayeyarwady'
01_Data/Sales/2026_KMM_CPI copy.xlsx,2026_KMM_DATA,Township,Labutta,AYEYARWADDY,Labutta,Ayeyarwady,Exact Match,100.0,1,Township / State mismatch,exact township name but raw state 'AYEYARWADDY' differs from canonical 'Ayeyarwady'
01_Data/Sales/2026_KMM_CPI copy.xlsx,2026_KMM_DATA,Township,Maubin,AYEYARWADDY,Maubin,Ayeyarwady,Exact Match,100.0,1,Township / State mismatch,exact township name but raw state 'AYEYARWADDY' differs from canonical 'Ayeyarwady'
01_Data/Sales/2026_KMM_CPI copy.xlsx,2026_KMM_DATA,Township,Pantanaw,AYEYARWADDY,Pantanaw,Ayeyarwady,Exact Match,100.0,4,Township / State mismatch,exact township name but raw state 'AYEYARWADDY' differs from canonical 'Ayeyarwady'; multiple raw forms for same canonical: Pan Ta Naw | Pantanaw
01_Data/Sales/2026_KMM_CPI copy.xlsx,2026_KMM_DATA,Township,Pathein,AYEYARWADDY,Pathein,Ayeyarwady,Exact Match,100.0,7,Township / State mismatch,exact township name but raw state 'AYEYARWADDY' differs from canonical 'Ayeyarwady'
01_Data/Sales/2026_KMM_CPI copy.xlsx,2026_KMM_DATA,Township,Pyapon,AYEYARWADDY,Pyapon,Ayeyarwady,Exact Match,100.0,2,Township / State mismatch,exact township name but raw state 'AYEYARWADDY' differs from canonical 'Ayeyarwady'
01_Data/Sales/2026_KMM_CPI copy.xlsx,2026_KMM_DATA,Township,Wakema,AYEYARWADDY,Wakema,Ayeyarwady,Exact Match,100.0,1,Township / State mismatch,exact township name but raw state 'AYEYARWADDY' differs from canonical 'Ayeyarwady'
01_Data/Sales/2026_KMM_CPI copy.xlsx,2026_KMM_DATA,Township,Zalun,AYEYARWADDY,Zalun,Ayeyarwady,Exact Match,100.0,27,Township / State mismatch,exact township name but raw state 'AYEYARWADDY' differs from canonical 'Ayeyarwady'; multiple raw forms for same canonical: ZALUN | Zalun
01_Data/Sales/2026_KMM_CPI copy.xlsx,2026_KMM_DATA,Township,Bago,BAGO EAST,Bago,Bago (East),Exact Match,100.0,4,OK,
01_Data/Sales/2026_KMM_CPI copy.xlsx,2026_KMM_DATA,Township,Daik-U,BAGO EAST,Daik-U,Bago (East),Exact Match,100.0,1,OK,multiple raw forms for same canonical: DAIK-U  | Daik U | Daik-U
01_Data/Sales/2026_KMM_CPI copy.xlsx,2026_KMM_DATA,Township,Htantabin,BAGO EAST,Htantabin,Bago (East),Exact Match,100.0,16,OK,
01_Data/Sales/2026_KMM_CPI copy.xlsx,2026_KMM_DATA,Township,Kawa,BAGO EAST,Kawa,Bago (East),Exact Match,100.0,1,OK,
01_Data/Sales/2026_KMM_CPI copy.xlsx,2026_KMM_DATA,Township,Kyauktaga,BAGO EAST,Kyauktaga,Bago (East),Exact Match,100.0,17,OK,multiple raw forms for same canonical: KYAUKTAGA | Kyauktaga
01_Data/Sales/2026_KMM_CPI copy.xlsx,2026_KMM_DATA,Township,Nattalin,BAGO EAST,Nattalin,Bago (West),Exact Match,100.0,1,Township / State mismatch,exact township name but raw state 'BAGO EAST' differs from canonical 'Bago (West)'; multiple raw forms for same canonical: NATTALIN | Nattalin | nattalin
01_Data/Sales/2026_KMM_CPI copy.xlsx,2026_KMM_DATA,Township,Nyaunglebin,BAGO EAST,Nyaunglebin,Bago (East),Exact Match,100.0,16,OK,multiple raw forms for same canonical: NYAUNGLEBIN | Nyaunglebin
01_Data/Sales/2026_KMM_CPI copy.xlsx,2026_KMM_DATA,Township,Oktwin,BAGO EAST,Oktwin,Bago (East),Exact Match,100.0,10,OK,
01_Data/Sales/2026_KMM_CPI copy.xlsx,2026_KMM_DATA,Township,Phyu,BAGO EAST,Phyu,Bago (East),Exact Match,100.0,19,OK,multiple raw forms for same canonical: PHYU | Phyu
01_Data/Sales/2026_KMM_CPI copy.xlsx,2026_KMM_DATA,Township,Taungoo,BAGO EAST,Taungoo,Bago (East),Exact Match,100.0,3,OK,multiple raw forms for same canonical: TAUNGOO | Taungoo
01_Data/Sales/2026_KMM_CPI copy.xlsx,2026_KMM_DATA,Township,Thanatpin ,BAGO EAST,Thanatpin,Bago (East),Exact Match,100.0,3,OK,leading/trailing whitespace
01_Data/Sales/2026_KMM_CPI copy.xlsx,2026_KMM_DATA,Township,Waw,BAGO EAST,Waw,Bago (East),Exact Match,100.0,18,OK,multiple raw forms for same canonical: Waw | Waw 
01_Data/Sales/2026_KMM_CPI copy.xlsx,2026_KMM_DATA,Township,Waw ,BAGO EAST,Waw,Bago (East),Exact Match,100.0,2,OK,leading/trailing whitespace; multiple raw forms for same canonical: Waw | Waw 
01_Data/Sales/2026_KMM_CPI copy.xlsx,2026_KMM_DATA,Township,Yedashe,BAGO EAST,Yedashe,Bago (East),Exact Match,100.0,5,OK,
01_Data/Sales/2026_KMM_CPI copy.xlsx,2026_KMM_DATA,Township,Gyobingauk,BAGO WEST,Gyobingauk,Bago (West),Exact Match,100.0,1,OK,multiple raw forms for same canonical: GYOBINGAUK | Gyobingauk
01_Data/Sales/2026_KMM_CPI copy.xlsx,2026_KMM_DATA,Township,Kawa,BAGO WEST,Kawa,Bago (East),Exact Match,100.0,2,Township / State mismatch,exact township name but raw state 'BAGO WEST' differs from canonical 'Bago (East)'
01_Data/Sales/2026_KMM_CPI copy.xlsx,2026_KMM_DATA,Township,Letpadan,BAGO WEST,Letpadan,Bago (West),Exact Match,100.0,85,OK,
01_Data/Sales/2026_KMM_CPI copy.xlsx,2026_KMM_DATA,Township,Minhla,BAGO WEST,Minhla,Bago (West),Exact Match,100.0,42,OK,multiple raw forms for same canonical: MINHLA | Min Hla | MinHla | Minhla
01_Data/Sales/2026_KMM_CPI copy.xlsx,2026_KMM_DATA,Township,Monyo,BAGO WEST,Monyo,Bago (West),Exact Match,100.0,1,OK,
01_Data/Sales/2026_KMM_CPI copy.xlsx,2026_KMM_DATA,Township,Nattalin,BAGO WEST,Nattalin,Bago (West),Exact Match,100.0,209,OK,multiple raw forms for same canonical: NATTALIN | Nattalin | nattalin
01_Data/Sales/2026_KMM_CPI copy.xlsx,2026_KMM_DATA,Township,Padaung,BAGO WEST,Padaung,Bago (West),Exact Match,100.0,6,OK,multiple raw forms for same canonical: PADAUNG | Padaung
01_Data/Sales/2026_KMM_CPI copy.xlsx,2026_KMM_DATA,Township,Paukkhaung,BAGO WEST,Paukkhaung,Bago (West),Exact Match,100.0,3,OK,multiple raw forms for same canonical: PAUK KHAUNG | Pauk Khaung | Paukkhaung | Phaukkhaung
01_Data/Sales/2026_KMM_CPI copy.xlsx,2026_KMM_DATA,Township,Paungde,BAGO WEST,Paungde,Bago (West),Exact Match,100.0,11,OK,multiple raw forms for same canonical: PAUNGDE | Paungde | Paungde 
01_Data/Sales/2026_KMM_CPI copy.xlsx,2026_KMM_DATA,Township,Paungde ,BAGO WEST,Paungde,Bago (West),Exact Match,100.0,3,OK,leading/trailing whitespace; multiple raw forms for same canonical: PAUNGDE | Paungde | Paungde 
01_Data/Sales/2026_KMM_CPI copy.xlsx,2026_KMM_DATA,Township,Pyay,BAGO WEST,Pyay,Bago (West),Exact Match,100.0,40,OK,
01_Data/Sales/2026_KMM_CPI copy.xlsx,2026_KMM_DATA,Township,Sagaing,BAGO WEST,Sagaing,Sagaing,Exact Match,100.0,1,Township / State mismatch,exact township name but raw state 'BAGO WEST' differs from canonical 'Sagaing'
01_Data/Sales/2026_KMM_CPI copy.xlsx,2026_KMM_DATA,Township,Taikkyi,BAGO WEST,Taikkyi,Yangon,Exact Match,100.0,3,Township / State mismatch,exact township name but raw state 'BAGO WEST' differs from canonical 'Yangon'; multiple raw forms for same canonical: TAIKKYI | Taikkyi
01_Data/Sales/2026_KMM_CPI copy.xlsx,2026_KMM_DATA,Township,Taungoo,BAGO WEST,Taungoo,Bago (East),Exact Match,100.0,2,Township / State mismatch,exact township name but raw state 'BAGO WEST' differs from canonical 'Bago (East)'; multiple raw forms for same canonical: TAUNGOO | Taungoo
01_Data/Sales/2026_KMM_CPI copy.xlsx,2026_KMM_DATA,Township,Thegon,BAGO WEST,Thegon,Bago (West),Exact Match,100.0,1,OK,
01_Data/Sales/2026_KMM_CPI copy.xlsx,2026_KMM_DATA,Township,Waw,BAGO WEST,Waw,Bago (East),Exact Match,100.0,1,Township / State mismatch,exact township name but raw state 'BAGO WEST' differs from canonical 'Bago (East)'; multiple raw forms for same canonical: Waw | Waw 
01_Data/Sales/2026_KMM_CPI copy.xlsx,2026_KMM_DATA,Township,Zigon,BAGO WEST,Zigon,Bago (West),Exact Match,100.0,6,OK,
01_Data/Sales/2026_KMM_CPI copy.xlsx,2026_KMM_DATA,Township,Demoso,KAYAH,Demoso,Kayah,Exact Match,100.0,2,OK,
01_Data/Sales/2026_KMM_CPI copy.xlsx,2026_KMM_DATA,Township,Loikaw,KAYAH,Loikaw,Kayah,Exact Match,100.0,7,OK,
01_Data/Sales/2026_KMM_CPI copy.xlsx,2026_KMM_DATA,Township,Hlaingbwe,KAYIN,Hlaingbwe,Kayin,Exact Match,100.0,11,OK,multiple raw forms for same canonical: HLAINGBWE | HlaingBwe | Hlaingbwe
01_Data/Sales/2026_KMM_CPI copy.xlsx,2026_KMM_DATA,Township,Hpa-An,KAYIN,Hpa-An,Kayin,Exact Match,100.0,164,OK,multiple raw forms for same canonical: HPA-AN | Hpa An | Hpa-An | Hpa-An  | Hpa-an
01_Data/Sales/2026_KMM_CPI copy.xlsx,2026_KMM_DATA,Township,Hpa-An ,KAYIN,Hpa-An,Kayin,Exact Match,100.0,6,OK,leading/trailing whitespace; multiple raw forms for same canonical: HPA-AN | Hpa An | Hpa-An | Hpa-An  | Hpa-an
01_Data/Sales/2026_KMM_CPI copy.xlsx,2026_KMM_DATA,Township,Hpapun,KAYIN,Hpapun,Kayin,Exact Match,100.0,1,OK,
01_Data/Sales/2026_KMM_CPI copy.xlsx,2026_KMM_DATA,Township,Kawkareik,KAYIN,Kawkareik,Kayin,Exact Match,100.0,15,OK,multiple raw forms for same canonical: KAWKAREIK | Kawkareik
01_Data/Sales/2026_KMM_CPI copy.xlsx,2026_KMM_DATA,Township,Kyainseikgyi,KAYIN,Kyainseikgyi,Kayin,Exact Match,100.0,1,OK,multiple raw forms for same canonical: Kyain Seikgyi | Kyainseikgyi | Kyarinseikgyi
01_Data/Sales/2026_KMM_CPI copy.xlsx,2026_KMM_DATA,Township,Myawaddy,KAYIN,Myawaddy,Kayin,Exact Match,100.0,37,OK,
01_Data/Sales/2026_KMM_CPI copy.xlsx,2026_KMM_DATA,Township,Thanbyuzayat,KAYIN,Thanbyuzayat,Mon,Exact Match,100.0,2,Township / State mismatch,exact township name but raw state 'KAYIN' differs from canonical 'Mon'; multiple raw forms for same canonical: THANBYUZAYAT | Thanbyuzayat
01_Data/Sales/2026_KMM_CPI copy.xlsx,2026_KMM_DATA,Township,Kamma,MAGWAY,Kamma,Magway,Exact Match,100.0,1,OK,
01_Data/Sales/2026_KMM_CPI copy.xlsx,2026_KMM_DATA,Township,Magway,MAGWAY,Magway,Magway,Exact Match,100.0,4,OK,multiple raw forms for same canonical: MAGWAY | Magway
01_Data/Sales/2026_KMM_CPI copy.xlsx,2026_KMM_DATA,Township,Minbu,MAGWAY,Minbu,Magway,Exact Match,100.0,5,OK,multiple raw forms for same canonical: MINBU | MinBu | Minbu
01_Data/Sales/2026_KMM_CPI copy.xlsx,2026_KMM_DATA,Township,Pwintbyu,MAGWAY,Pwintbyu,Magway,Exact Match,100.0,3,OK,
01_Data/Sales/2026_KMM_CPI copy.xlsx,2026_KMM_DATA,Township,Seikphyu,MAGWAY,Seikphyu,Magway,Exact Match,100.0,3,OK,multiple raw forms for same canonical: SEIK PHYU | Seikphyu
01_Data/Sales/2026_KMM_CPI copy.xlsx,2026_KMM_DATA,Township,Taungdwingyi,MAGWAY,Taungdwingyi,Magway,Exact Match,100.0,3,OK,multiple raw forms for same canonical: TAUNGDWINGYI | Taungdwingyi
01_Data/Sales/2026_KMM_CPI copy.xlsx,2026_KMM_DATA,Township,Lewe,MANDALAY,Lewe,Nay Pyi Taw,Exact Match,100.0,4,Township / State mismatch,exact township name but raw state 'MANDALAY' differs from canonical 'Nay Pyi Taw'
01_Data/Sales/2026_KMM_CPI copy.xlsx,2026_KMM_DATA,Township,Pyawbwe,MANDALAY,Pyawbwe,Mandalay,Exact Match,100.0,4,OK,multiple raw forms for same canonical: PYAWBWE | Pyawbwe
01_Data/Sales/2026_KMM_CPI copy.xlsx,2026_KMM_DATA,Township,Pyinmana,MANDALAY,Pyinmana,Nay Pyi Taw,Exact Match,100.0,2,Township / State mismatch,exact township name but raw state 'MANDALAY' differs from canonical 'Nay Pyi Taw'
01_Data/Sales/2026_KMM_CPI copy.xlsx,2026_KMM_DATA,Township,Tatkon,MANDALAY,Tatkon,Nay Pyi Taw,Exact Match,100.0,4,Township / State mismatch,exact township name but raw state 'MANDALAY' differs from canonical 'Nay Pyi Taw'; multiple raw forms for same canonical: TATKON | Tatkon
01_Data/Sales/2026_KMM_CPI copy.xlsx,2026_KMM_DATA,Township,Thazi,MANDALAY,Thazi,Mandalay,Exact Match,100.0,2,OK,
01_Data/Sales/2026_KMM_CPI copy.xlsx,2026_KMM_DATA,Township,Wundwin,MANDALAY,Wundwin,Mandalay,Exact Match,100.0,2,OK,
01_Data/Sales/2026_KMM_CPI copy.xlsx,2026_KMM_DATA,Township,Yamethin,MANDALAY,Yamethin,Mandalay,Exact Match,100.0,5,OK,
01_Data/Sales/2026_KMM_CPI copy.xlsx,2026_KMM_DATA,Township,Bilin,MON,Bilin,Mon,Exact Match,100.0,77,OK,multiple raw forms for same canonical: BILIN | Bilin
01_Data/Sales/2026_KMM_CPI copy.xlsx,2026_KMM_DATA,Township,Chaungzon,MON,Chaungzon,Mon,Exact Match,100.0,43,OK,multiple raw forms for same canonical: CHAUNGZON | Chaungzon
01_Data/Sales/2026_KMM_CPI copy.xlsx,2026_KMM_DATA,Township,Kyaikmaraw,MON,Kyaikmaraw,Mon,Exact Match,100.0,58,OK,multiple raw forms for same canonical: KYAIKMARAW | Kyaikmaraw | Kyaikmaraw 
01_Data/Sales/2026_KMM_CPI copy.xlsx,2026_KMM_DATA,Township,Kyaikmaraw ,MON,Kyaikmaraw,Mon,Exact Match,100.0,3,OK,leading/trailing whitespace; multiple raw forms for same canonical: KYAIKMARAW | Kyaikmaraw | Kyaikmaraw 
01_Data/Sales/2026_KMM_CPI copy.xlsx,2026_KMM_DATA,Township,Mawlamyine,MON,Mawlamyine,Mon,Exact Match,100.0,27,OK,multiple raw forms for same canonical: MAWLAMYINE | Mawlamyine
01_Data/Sales/2026_KMM_CPI copy.xlsx,2026_KMM_DATA,Township,Mudon,MON,Mudon,Mon,Exact Match,100.0,65,OK,multiple raw forms for same canonical: MUDON | Mudon
01_Data/Sales/2026_KMM_CPI copy.xlsx,2026_KMM_DATA,Township,Paung,MON,Paung,Mon,Exact Match,100.0,220,OK,multiple raw forms for same canonical: PAUNG | Paung | Paung 
01_Data/Sales/2026_KMM_CPI copy.xlsx,2026_KMM_DATA,Township,Paung ,MON,Paung,Mon,Exact Match,100.0,4,OK,leading/trailing whitespace; multiple raw forms for same canonical: PAUNG | Paung | Paung 
01_Data/Sales/2026_KMM_CPI copy.xlsx,2026_KMM_DATA,Township,Thanbyuzayat,MON,Thanbyuzayat,Mon,Exact Match,100.0,43,OK,multiple raw forms for same canonical: THANBYUZAYAT | Thanbyuzayat
01_Data/Sales/2026_KMM_CPI copy.xlsx,2026_KMM_DATA,Township,Thaton,MON,Thaton,Mon,Exact Match,100.0,140,OK,multiple raw forms for same canonical: THATON | Thaton
01_Data/Sales/2026_KMM_CPI copy.xlsx,2026_KMM_DATA,Township,Ye,MON,Ye,Mon,Exact Match,100.0,39,OK,multiple raw forms for same canonical: YE | YE  | Ye
01_Data/Sales/2026_KMM_CPI copy.xlsx,2026_KMM_DATA,Township,Indaw,SAGAING,Indaw,Sagaing,Exact Match,100.0,8,OK,
01_Data/Sales/2026_KMM_CPI copy.xlsx,2026_KMM_DATA,Township,Kanbalu,SAGAING,Kanbalu,Sagaing,Exact Match,100.0,4,OK,
01_Data/Sales/2026_KMM_CPI copy.xlsx,2026_KMM_DATA,Township,Kawlin ,SAGAING,Kawlin,Sagaing,Exact Match,100.0,5,OK,leading/trailing whitespace
01_Data/Sales/2026_KMM_CPI copy.xlsx,2026_KMM_DATA,Township,Shwebo,SAGAING,Shwebo,Sagaing,Exact Match,100.0,1,OK,multiple raw forms for same canonical: Shwe Bo | Shwebo
01_Data/Sales/2026_KMM_CPI copy.xlsx,2026_KMM_DATA,Township,Wetlet,SAGAING,Wetlet,Sagaing,Exact Match,100.0,2,OK,
01_Data/Sales/2026_KMM_CPI copy.xlsx,2026_KMM_DATA,Township,Ye-U,SAGAING,Ye-U,Sagaing,Exact Match,100.0,4,OK,
01_Data/Sales/2026_KMM_CPI copy.xlsx,2026_KMM_DATA,Township,Hsihseng,SHAN,Hsihseng,Shan (South),Exact Match,100.0,2,OK,
01_Data/Sales/2026_KMM_CPI copy.xlsx,2026_KMM_DATA,Township,Hsipaw,SHAN,Hsipaw,Shan (North),Exact Match,100.0,5,OK,
01_Data/Sales/2026_KMM_CPI copy.xlsx,2026_KMM_DATA,Township,Kalaw,SHAN,Kalaw,Shan (South),Exact Match,100.0,1,OK,
01_Data/Sales/2026_KMM_CPI copy.xlsx,2026_KMM_DATA,Township,Kyaukme,SHAN,Kyaukme,Shan (North),Exact Match,100.0,5,OK,
01_Data/Sales/2026_KMM_CPI copy.xlsx,2026_KMM_DATA,Township,Lawksawk,SHAN,Lawksawk,Shan (South),Exact Match,100.0,5,OK,
01_Data/Sales/2026_KMM_CPI copy.xlsx,2026_KMM_DATA,Township,Mongnai,SHAN,Mongnai,Shan (South),Exact Match,100.0,2,OK,
01_Data/Sales/2026_KMM_CPI copy.xlsx,2026_KMM_DATA,Township,Nawnghkio,SHAN,Nawnghkio,Shan (North),Exact Match,100.0,50,OK,
01_Data/Sales/2026_KMM_CPI copy.xlsx,2026_KMM_DATA,Township,Pinlaung,SHAN,Pinlaung,Shan (South),Exact Match,100.0,1,OK,multiple raw forms for same canonical: PIN LAUNG | Pinlaung
01_Data/Sales/2026_KMM_CPI copy.xlsx,2026_KMM_DATA,Township,Taunggyi,SHAN,Taunggyi,Shan (South),Exact Match,100.0,10,OK,multiple raw forms for same canonical: TAUNGGYI | Taung Gyi | Taunggyi
01_Data/Sales/2026_KMM_CPI copy.xlsx,2026_KMM_DATA,Township, Launglon,TANINTHARYI,Launglon,Tanintharyi,Exact Match,100.0,1,OK,leading/trailing whitespace; multiple raw forms for same canonical:  Launglon | LAUNGLON | Launglon | Launglon 
01_Data/Sales/2026_KMM_CPI copy.xlsx,2026_KMM_DATA,Township,Dawei,TANINTHARYI,Dawei,Tanintharyi,Exact Match,100.0,10,OK,multiple raw forms for same canonical: DAWEI | Dawei
01_Data/Sales/2026_KMM_CPI copy.xlsx,2026_KMM_DATA,Township,Launglon,TANINTHARYI,Launglon,Tanintharyi,Exact Match,100.0,27,OK,multiple raw forms for same canonical:  Launglon | LAUNGLON | Launglon | Launglon 
01_Data/Sales/2026_KMM_CPI copy.xlsx,2026_KMM_DATA,Township,Launglon ,TANINTHARYI,Launglon,Tanintharyi,Exact Match,100.0,8,OK,leading/trailing whitespace; multiple raw forms for same canonical:  Launglon | LAUNGLON | Launglon | Launglon 
01_Data/Sales/2026_KMM_CPI copy.xlsx,2026_KMM_DATA,Township,Myeik,TANINTHARYI,Myeik,Tanintharyi,Exact Match,100.0,7,OK,multiple raw forms for same canonical: Myeik | myeik
01_Data/Sales/2026_KMM_CPI copy.xlsx,2026_KMM_DATA,Township,Palaw,TANINTHARYI,Palaw,Tanintharyi,Exact Match,100.0,4,OK,multiple raw forms for same canonical: PALAW | Palaw
01_Data/Sales/2026_KMM_CPI copy.xlsx,2026_KMM_DATA,Township,Yebyu,TANINTHARYI,Yebyu,Tanintharyi,Exact Match,100.0,25,OK,multiple raw forms for same canonical: YEBYU | Yebyu
01_Data/Sales/2026_KMM_CPI copy.xlsx,2026_KMM_DATA,Township,Dagon,YANGON,Dagon,Yangon,Exact Match,100.0,3,OK,
01_Data/Sales/2026_KMM_CPI copy.xlsx,2026_KMM_DATA,Township,Hlaing,YANGON,Hlaing,Yangon,Exact Match,100.0,1,OK,
01_Data/Sales/2026_KMM_CPI copy.xlsx,2026_KMM_DATA,Township,Hlegu,YANGON,Hlegu,Yangon,Exact Match,100.0,8,OK,
01_Data/Sales/2026_KMM_CPI copy.xlsx,2026_KMM_DATA,Township,Hmawbi,YANGON,Hmawbi,Yangon,Exact Match,100.0,15,OK,multiple raw forms for same canonical: HMAWBI | Hmaw Bi | Hmawbi
01_Data/Sales/2026_KMM_CPI copy.xlsx,2026_KMM_DATA,Township,Insein,YANGON,Insein,Yangon,Exact Match,100.0,2,OK,
01_Data/Sales/2026_KMM_CPI copy.xlsx,2026_KMM_DATA,Township,Mayangone,YANGON,Mayangone,Yangon,Exact Match,100.0,19,OK,multiple raw forms for same canonical: MAYANGONE | Mayangone
01_Data/Sales/2026_KMM_CPI copy.xlsx,2026_KMM_DATA,Township,Pazundaung,YANGON,Pazundaung,Yangon,Exact Match,100.0,3,OK,
01_Data/Sales/2026_KMM_CPI copy.xlsx,2026_KMM_DATA,Township,Taikkyi,YANGON,Taikkyi,Yangon,Exact Match,100.0,85,OK,multiple raw forms for same canonical: TAIKKYI | Taikkyi
01_Data/Sales/2026_KMM_CPI copy.xlsx,2026_KMM_DATA,Township,Thongwa,YANGON,Thongwa,Yangon,Exact Match,100.0,1,OK,
01_Data/Sales/2026_KMM_CPI copy.xlsx,2026_KMM_DATA,Township,Twantay,YANGON,Twantay,Yangon,Exact Match,100.0,3,OK,
01_Data/Sales/2026_KMM_CPI copy.xlsx,2026_KMM_DATA,Township,Phaukkhaung,BAGO WEST,Paukkhaung,Bago (West),Fuzzy Match,95.2,1,Needs review before accepting,fuzzy match >=95; verify before adding alias; multiple raw forms for same canonical: PAUK KHAUNG | Pauk Khaung | Paukkhaung | Phaukkhaung
01_Data/Sales/2026_KMM_CPI copy.xlsx,2026_KMM_DATA,Township,Kyarinseikgyi,KAYIN,Kyainseikgyi,Kayin,Fuzzy Match,96.0,7,Needs review before accepting,fuzzy match >=95; verify before adding alias; multiple raw forms for same canonical: Kyain Seikgyi | Kyainseikgyi | Kyarinseikgyi
01_Data/Sales/2026_KMM_CPI copy.xlsx,2026_KMM_DATA,Township,Kan Gyi Daunt,AYEYARWADDY,Kangyidaunt,Ayeyarwady,Normalized Match,98.0,3,Township / State mismatch,space/punctuation-insensitive match; compact match but state mismatch or no canonical state match; raw state='AYEYARWADDY'; multiple raw forms for same canonical: Kan Gyi Daunt | Kangyidaunt
01_Data/Sales/2026_KMM_CPI copy.xlsx,2026_KMM_DATA,Township,Myaung Mya,AYEYARWADDY,Myaungmya,Ayeyarwady,Normalized Match,98.0,6,Township / State mismatch,space/punctuation-insensitive match; compact match but state mismatch or no canonical state match; raw state='AYEYARWADDY'
01_Data/Sales/2026_KMM_CPI copy.xlsx,2026_KMM_DATA,Township,Pan Ta Naw,AYEYARWADDY,Pantanaw,Ayeyarwady,Normalized Match,98.0,4,Township / State mismatch,space/punctuation-insensitive match; compact match but state mismatch or no canonical state match; raw state='AYEYARWADDY'; multiple raw forms for same canonical: Pan Ta Naw | Pantanaw
01_Data/Sales/2026_KMM_CPI copy.xlsx,2026_KMM_DATA,Township,Daik U,BAGO EAST,Daik-U,Bago (East),Normalized Match,99.0,15,OK,capitalization/spaces/punctuation differ from canonical; multiple raw forms for same canonical: DAIK-U  | Daik U | Daik-U
01_Data/Sales/2026_KMM_CPI copy.xlsx,2026_KMM_DATA,Township,Daik U,BAGO WEST,Daik-U,Bago (East),Normalized Match,99.0,2,Township / State mismatch,capitalization/spaces/punctuation differ from canonical; normalized match but state mismatch or no canonical state match; raw state='BAGO WEST'; multiple raw forms for same canonical: DAIK-U  | Daik U | Daik-U
01_Data/Sales/2026_KMM_CPI copy.xlsx,2026_KMM_DATA,Township,Min Hla,BAGO WEST,Minhla,Bago (West),Normalized Match,98.0,55,OK,space/punctuation-insensitive match; multiple raw forms for same canonical: MINHLA | Min Hla | MinHla | Minhla
01_Data/Sales/2026_KMM_CPI copy.xlsx,2026_KMM_DATA,Township,MinHla,BAGO WEST,Minhla,Bago (West),Normalized Match,99.0,2,OK,capitalization/spaces/punctuation differ from canonical; multiple raw forms for same canonical: MINHLA | Min Hla | MinHla | Minhla
01_Data/Sales/2026_KMM_CPI copy.xlsx,2026_KMM_DATA,Township,Myaung Mya,BAGO WEST,Myaungmya,Ayeyarwady,Normalized Match,98.0,3,Township / State mismatch,space/punctuation-insensitive match; compact match but state mismatch or no canonical state match; raw state='BAGO WEST'
01_Data/Sales/2026_KMM_CPI copy.xlsx,2026_KMM_DATA,Township,Pauk Khaung,BAGO WEST,Paukkhaung,Bago (West),Normalized Match,98.0,13,OK,space/punctuation-insensitive match; multiple raw forms for same canonical: PAUK KHAUNG | Pauk Khaung | Paukkhaung | Phaukkhaung
01_Data/Sales/2026_KMM_CPI copy.xlsx,2026_KMM_DATA,Township,nattalin,BAGO WEST,Nattalin,Bago (West),Normalized Match,99.0,1,OK,capitalization/spaces/punctuation differ from canonical; multiple raw forms for same canonical: NATTALIN | Nattalin | nattalin
01_Data/Sales/2026_KMM_CPI copy.xlsx,2026_KMM_DATA,Township,Hpa An,KAYIN,Hpa-An,Kayin,Normalized Match,99.0,16,OK,capitalization/spaces/punctuation differ from canonical; multiple raw forms for same canonical: HPA-AN | Hpa An | Hpa-An | Hpa-An  | Hpa-an
01_Data/Sales/2026_KMM_CPI copy.xlsx,2026_KMM_DATA,Township,Hpa-an,KAYIN,Hpa-An,Kayin,Normalized Match,99.0,13,OK,capitalization/spaces/punctuation differ from canonical; multiple raw forms for same canonical: HPA-AN | Hpa An | Hpa-An | Hpa-An  | Hpa-an
01_Data/Sales/2026_KMM_CPI copy.xlsx,2026_KMM_DATA,Township,Kyain Seikgyi,KAYIN,Kyainseikgyi,Kayin,Normalized Match,98.0,9,OK,space/punctuation-insensitive match; multiple raw forms for same canonical: Kyain Seikgyi | Kyainseikgyi | Kyarinseikgyi
01_Data/Sales/2026_KMM_CPI copy.xlsx,2026_KMM_DATA,Township,Aung Lan,MAGWAY,Aunglan,Magway,Normalized Match,98.0,4,OK,space/punctuation-insensitive match; multiple raw forms for same canonical: AUNG LAN | Aung Lan
01_Data/Sales/2026_KMM_CPI copy.xlsx,2026_KMM_DATA,Township,Min Hla,MAGWAY,Minhla,Magway,Normalized Match,98.0,3,OK,space/punctuation-insensitive match; multiple raw forms for same canonical: MINHLA | Min Hla
01_Data/Sales/2026_KMM_CPI copy.xlsx,2026_KMM_DATA,Township,MinBu,MAGWAY,Minbu,Magway,Normalized Match,99.0,2,OK,capitalization/spaces/punctuation differ from canonical; multiple raw forms for same canonical: MINBU | MinBu | Minbu
01_Data/Sales/2026_KMM_CPI copy.xlsx,2026_KMM_DATA,Township,Sa Lin,MAGWAY,Salin,Magway,Normalized Match,98.0,3,OK,space/punctuation-insensitive match; multiple raw forms for same canonical: SALIN | Sa Lin
01_Data/Sales/2026_KMM_CPI copy.xlsx,2026_KMM_DATA,Township,Kyauk Pa Daung,MANDALAY,Kyaukpadaung,Mandalay,Normalized Match,98.0,1,OK,space/punctuation-insensitive match; multiple raw forms for same canonical: KYAUKPADAUNG | Kyauk Pa Daung
01_Data/Sales/2026_KMM_CPI copy.xlsx,2026_KMM_DATA,Township,Shwe Bo,MANDALAY,Shwebo,Sagaing,Normalized Match,98.0,1,Township / State mismatch,space/punctuation-insensitive match; compact match but state mismatch or no canonical state match; raw state='MANDALAY'; multiple raw forms for same canonical: Shwe Bo | Shwebo
01_Data/Sales/2026_KMM_CPI copy.xlsx,2026_KMM_DATA,Township,Sint Gaing,MANDALAY,Sintgaing,Mandalay,Normalized Match,98.0,1,OK,space/punctuation-insensitive match
01_Data/Sales/2026_KMM_CPI copy.xlsx,2026_KMM_DATA,Township,Shwe Bo,SAGAING,Shwebo,Sagaing,Normalized Match,98.0,1,OK,space/punctuation-insensitive match; multiple raw forms for same canonical: Shwe Bo | Shwebo
01_Data/Sales/2026_KMM_CPI copy.xlsx,2026_KMM_DATA,Township,Taung Gyi,SHAN,Taunggyi,Shan (South),Normalized Match,98.0,4,OK,space/punctuation-insensitive match; multiple raw forms for same canonical: TAUNGGYI | Taung Gyi | Taunggyi
01_Data/Sales/2026_KMM_CPI copy.xlsx,2026_KMM_DATA,Township,Tha Yet Chaung,TANINTHARYI,Thayetchaung,Tanintharyi,Normalized Match,98.0,1,OK,space/punctuation-insensitive match
01_Data/Sales/2026_KMM_CPI copy.xlsx,2026_KMM_DATA,Township,myeik,TANINTHARYI,Myeik,Tanintharyi,Normalized Match,99.0,3,OK,capitalization/spaces/punctuation differ from canonical; multiple raw forms for same canonical: Myeik | myeik
01_Data/Sales/2026_KMM_CPI copy.xlsx,2026_KMM_DATA,Township,Hmaw Bi,YANGON,Hmawbi,Yangon,Normalized Match,98.0,11,OK,space/punctuation-insensitive match; multiple raw forms for same canonical: HMAWBI | Hmaw Bi | Hmawbi
01_Data/Sales/2026_KMM_CPI copy.xlsx,2026_KMM_DATA,Township,San Chaung,YANGON,Sanchaung,Yangon,Normalized Match,98.0,4,OK,space/punctuation-insensitive match; multiple raw forms for same canonical: SAN CHAUNG | San Chaung
01_Data/Sales/2026_KMM_CPI copy.xlsx,2026_KMM_DATA,Township,,,,,Unmatched,0.0,160,Blank township,blank Township value
01_Data/Sales/2026_KMM_CPI copy.xlsx,2026_KMM_DATA,Township,Aein Mae,AYEYARWADDY,,,Unmatched,83.3,2,Needs alias or source correction,no exact/normalized/current-alias match; fuzzy below 95; top suggestion Einme (Ayeyarwady)
01_Data/Sales/2026_KMM_CPI copy.xlsx,2026_KMM_DATA,Township,Ahmar,AYEYARWADDY,,,Unmatched,61.5,3,Needs alias or source correction,no exact/normalized/current-alias match; fuzzy below 95; top suggestion Kamaryut (Yangon)
01_Data/Sales/2026_KMM_CPI copy.xlsx,2026_KMM_DATA,Township,Ayeyarwaddy,AYEYARWADDY,,,Unmatched,76.2,2,Needs alias or source correction,no exact/normalized/current-alias match; fuzzy below 95; top suggestion Thayarwady (Bago (West))
01_Data/Sales/2026_KMM_CPI copy.xlsx,2026_KMM_DATA,Township,Bo Kalay,AYEYARWADDY,,,Unmatched,66.7,2,Needs alias or source correction,no exact/normalized/current-alias match; fuzzy below 95; top suggestion Kalaw (Shan (South))
01_Data/Sales/2026_KMM_CPI copy.xlsx,2026_KMM_DATA,Township,Bokalay,AYEYARWADDY,,,Unmatched,66.7,4,Needs alias or source correction,no exact/normalized/current-alias match; fuzzy below 95; top suggestion Kalaw (Shan (South))
01_Data/Sales/2026_KMM_CPI copy.xlsx,2026_KMM_DATA,Township,Da Nu Phyu,AYEYARWADDY,,,Unmatched,80.0,1,Needs alias or source correction,no exact/normalized/current-alias match; fuzzy below 95; top suggestion Danubyu (Ayeyarwady)
01_Data/Sales/2026_KMM_CPI copy.xlsx,2026_KMM_DATA,Township,Danu Phyu,AYEYARWADDY,,,Unmatched,80.0,1,Needs alias or source correction,no exact/normalized/current-alias match; fuzzy below 95; top suggestion Danubyu (Ayeyarwady)
01_Data/Sales/2026_KMM_CPI copy.xlsx,2026_KMM_DATA,Township,Danu Phyu ,AYEYARWADDY,,,Unmatched,80.0,1,Needs alias or source correction,no exact/normalized/current-alias match; fuzzy below 95; top suggestion Danubyu (Ayeyarwady)
01_Data/Sales/2026_KMM_CPI copy.xlsx,2026_KMM_DATA,Township,Danuphyu ,AYEYARWADDY,,,Unmatched,80.0,1,Needs alias or source correction,no exact/normalized/current-alias match; fuzzy below 95; top suggestion Danubyu (Ayeyarwady)
01_Data/Sales/2026_KMM_CPI copy.xlsx,2026_KMM_DATA,Township,Duyar,AYEYARWADDY,,,Unmatched,54.5,2,Needs alias or source correction,no exact/normalized/current-alias match; fuzzy below 95; top suggestion Madaya (Mandalay)
01_Data/Sales/2026_KMM_CPI copy.xlsx,2026_KMM_DATA,Township,Eain Mae,AYEYARWADDY,,,Unmatched,83.3,2,Needs alias or source correction,no exact/normalized/current-alias match; fuzzy below 95; top suggestion Einme (Ayeyarwady)
01_Data/Sales/2026_KMM_CPI copy.xlsx,2026_KMM_DATA,Township,Eainmae,AYEYARWADDY,,,Unmatched,83.3,12,Needs alias or source correction,no exact/normalized/current-alias match; fuzzy below 95; top suggestion Einme (Ayeyarwady)
01_Data/Sales/2026_KMM_CPI copy.xlsx,2026_KMM_DATA,Township,Euame,AYEYARWADDY,,,Unmatched,60.0,2,Needs alias or source correction,no exact/normalized/current-alias match; fuzzy below 95; top suggestion Einme (Ayeyarwady)
01_Data/Sales/2026_KMM_CPI copy.xlsx,2026_KMM_DATA,Township,Kangyi Daunk,AYEYARWADDY,,,Unmatched,90.9,3,Needs alias or source correction,no exact/normalized/current-alias match; fuzzy below 95; top suggestion Kangyidaunt (Ayeyarwady)
01_Data/Sales/2026_KMM_CPI copy.xlsx,2026_KMM_DATA,Township,Kyan Khin,AYEYARWADDY,,,Unmatched,85.7,1,Needs alias or source correction,no exact/normalized/current-alias match; fuzzy below 95; top suggestion Yankin (Yangon)
01_Data/Sales/2026_KMM_CPI copy.xlsx,2026_KMM_DATA,Township,Kyaung Kone,AYEYARWADDY,,,Unmatched,84.2,7,Needs alias or source correction,no exact/normalized/current-alias match; fuzzy below 95; top suggestion Kyaunggon (Ayeyarwady)
01_Data/Sales/2026_KMM_CPI copy.xlsx,2026_KMM_DATA,Township,Kyite Latt,AYEYARWADDY,,,Unmatched,70.6,2,Needs alias or source correction,no exact/normalized/current-alias match; fuzzy below 95; top suggestion Kyaiklat (Ayeyarwady)
01_Data/Sales/2026_KMM_CPI copy.xlsx,2026_KMM_DATA,Township,Maw Kyun,AYEYARWADDY,,,Unmatched,61.5,1,Needs alias or source correction,no exact/normalized/current-alias match; fuzzy below 95; top suggestion Maubin (Ayeyarwady)
01_Data/Sales/2026_KMM_CPI copy.xlsx,2026_KMM_DATA,Township,Mawlamyine Kyun,AYEYARWADDY,,,Unmatched,92.9,2,Needs alias or source correction,no exact/normalized/current-alias match; fuzzy below 95; top suggestion Mawlamyinegyun (Ayeyarwady)
01_Data/Sales/2026_KMM_CPI copy.xlsx,2026_KMM_DATA,Township,Myaunaung,AYEYARWADDY,,,Unmatched,94.1,1,Needs alias or source correction,no exact/normalized/current-alias match; fuzzy below 95; top suggestion Myanaung (Ayeyarwady)
01_Data/Sales/2026_KMM_CPI copy.xlsx,2026_KMM_DATA,Township,Thar Paung,AYEYARWADDY,,,Unmatched,82.4,2,Needs alias or source correction,no exact/normalized/current-alias match; fuzzy below 95; top suggestion Thabaung (Ayeyarwady)
01_Data/Sales/2026_KMM_CPI copy.xlsx,2026_KMM_DATA,Township,Thar Poung,AYEYARWADDY,,,Unmatched,70.6,2,Needs alias or source correction,no exact/normalized/current-alias match; fuzzy below 95; top suggestion Thabaung (Ayeyarwady)
01_Data/Sales/2026_KMM_CPI copy.xlsx,2026_KMM_DATA,Township,Tharpaung,AYEYARWADDY,,,Unmatched,82.4,3,Needs alias or source correction,no exact/normalized/current-alias match; fuzzy below 95; top suggestion Thabaung (Ayeyarwady)
01_Data/Sales/2026_KMM_CPI copy.xlsx,2026_KMM_DATA,Township,Warr Khal Ma,AYEYARWADDY,,,Unmatched,62.5,1,Needs alias or source correction,no exact/normalized/current-alias match; fuzzy below 95; top suggestion Wakema (Ayeyarwady)
01_Data/Sales/2026_KMM_CPI copy.xlsx,2026_KMM_DATA,Township,Ye Kyi,AYEYARWADDY,,,Unmatched,80.0,2,Needs alias or source correction,no exact/normalized/current-alias match; fuzzy below 95; top suggestion Yegyi (Ayeyarwady)
01_Data/Sales/2026_KMM_CPI copy.xlsx,2026_KMM_DATA,Township,Dike U,BAGO EAST,,,Unmatched,83.3,1,Needs alias or source correction,no exact/normalized/current-alias match; fuzzy below 95; top suggestion Daik-U (Bago (East))
01_Data/Sales/2026_KMM_CPI copy.xlsx,2026_KMM_DATA,Township,Htan Ta Pin,BAGO EAST,,,Unmatched,88.9,5,Needs alias or source correction,no exact/normalized/current-alias match; fuzzy below 95; top suggestion Htantabin (Bago (East))
01_Data/Sales/2026_KMM_CPI copy.xlsx,2026_KMM_DATA,Township,Htan Tapin,BAGO EAST,,,Unmatched,88.9,3,Needs alias or source correction,no exact/normalized/current-alias match; fuzzy below 95; top suggestion Htantabin (Bago (East))
01_Data/Sales/2026_KMM_CPI copy.xlsx,2026_KMM_DATA,Township,Ka Nyut Kwin,BAGO EAST,,,Unmatched,62.5,1,Needs alias or source correction,no exact/normalized/current-alias match; fuzzy below 95; top suggestion Oktwin (Bago (East))
01_Data/Sales/2026_KMM_CPI copy.xlsx,2026_KMM_DATA,Township,Kyauk Tagar,BAGO EAST,,,Unmatched,94.7,1,Needs alias or source correction,no exact/normalized/current-alias match; fuzzy below 95; top suggestion Kyauktaga (Bago (East))
01_Data/Sales/2026_KMM_CPI copy.xlsx,2026_KMM_DATA,Township,Nyaung Lay Pin,BAGO EAST,,,Unmatched,78.3,4,Needs alias or source correction,no exact/normalized/current-alias match; fuzzy below 95; top suggestion Nyaunglebin (Bago (East))
01_Data/Sales/2026_KMM_CPI copy.xlsx,2026_KMM_DATA,Township,Phayar Gyi,BAGO EAST,,,Unmatched,47.1,2,Needs alias or source correction,no exact/normalized/current-alias match; fuzzy below 95; top suggestion Kyaukkyi (Bago (East))
01_Data/Sales/2026_KMM_CPI copy.xlsx,2026_KMM_DATA,Township,Phyue,BAGO EAST,,,Unmatched,88.9,1,Needs alias or source correction,no exact/normalized/current-alias match; fuzzy below 95; top suggestion Phyu (Bago (East))
01_Data/Sales/2026_KMM_CPI copy.xlsx,2026_KMM_DATA,Township,Pyuntasa,BAGO EAST,,,Unmatched,58.8,1,Needs alias or source correction,no exact/normalized/current-alias match; fuzzy below 95; top suggestion Kyauktaga (Bago (East))
01_Data/Sales/2026_KMM_CPI copy.xlsx,2026_KMM_DATA,Township,Tantabin ,BAGO EAST,,,Unmatched,94.1,1,Needs alias or source correction,no exact/normalized/current-alias match; fuzzy below 95; top suggestion Htantabin (Bago (East))
01_Data/Sales/2026_KMM_CPI copy.xlsx,2026_KMM_DATA,Township,Taung Ngoo,BAGO EAST,,,Unmatched,87.5,3,Needs alias or source correction,no exact/normalized/current-alias match; fuzzy below 95; top suggestion Taungoo (Bago (East))
01_Data/Sales/2026_KMM_CPI copy.xlsx,2026_KMM_DATA,Township,Thet Na Pin,BAGO EAST,,,Unmatched,77.8,1,Needs alias or source correction,no exact/normalized/current-alias match; fuzzy below 95; top suggestion Thanatpin (Bago (East))
01_Data/Sales/2026_KMM_CPI copy.xlsx,2026_KMM_DATA,Township,Yay Tar Shae ,BAGO EAST,,,Unmatched,58.8,2,Needs alias or source correction,no exact/normalized/current-alias match; fuzzy below 95; top suggestion Yedashe (Bago (East))
01_Data/Sales/2026_KMM_CPI copy.xlsx,2026_KMM_DATA,Township,Yay Tar Shay,BAGO EAST,,,Unmatched,52.6,6,Needs alias or source correction,no exact/normalized/current-alias match; fuzzy below 95; top suggestion Kyauktaga (Bago (East))
01_Data/Sales/2026_KMM_CPI copy.xlsx,2026_KMM_DATA,Township,Aye Mya Tharyar,BAGO WEST,,,Unmatched,52.2,3,Needs alias or source correction,no exact/normalized/current-alias match; fuzzy below 95; top suggestion Thayarwady (Bago (West))
01_Data/Sales/2026_KMM_CPI copy.xlsx,2026_KMM_DATA,Township,Gyopinkouk,BAGO WEST,,,Unmatched,70.0,66,Needs alias or source correction,no exact/normalized/current-alias match; fuzzy below 95; top suggestion Gyobingauk (Bago (West))
01_Data/Sales/2026_KMM_CPI copy.xlsx,2026_KMM_DATA,Township,Htan Ta Pin,BAGO WEST,,,Unmatched,47.1,1,Needs alias or source correction,no exact/normalized/current-alias match; fuzzy below 95; top suggestion Nattalin (Bago (West))
01_Data/Sales/2026_KMM_CPI copy.xlsx,2026_KMM_DATA,Township,Kanma,BAGO WEST,,,Unmatched,40.0,2,Needs alias or source correction,no exact/normalized/current-alias match; fuzzy below 95; top suggestion Paukkhaung (Bago (West))
01_Data/Sales/2026_KMM_CPI copy.xlsx,2026_KMM_DATA,Township,Moe Nyo,BAGO WEST,,,Unmatched,90.9,15,Needs alias or source correction,no exact/normalized/current-alias match; fuzzy below 95; top suggestion Monyo (Bago (West))
01_Data/Sales/2026_KMM_CPI copy.xlsx,2026_KMM_DATA,Township,Moenyo,BAGO WEST,,,Unmatched,90.9,12,Needs alias or source correction,no exact/normalized/current-alias match; fuzzy below 95; top suggestion Monyo (Bago (West))
01_Data/Sales/2026_KMM_CPI copy.xlsx,2026_KMM_DATA,Township,Moenyo ,BAGO WEST,,,Unmatched,90.9,5,Needs alias or source correction,no exact/normalized/current-alias match; fuzzy below 95; top suggestion Monyo (Bago (West))
01_Data/Sales/2026_KMM_CPI copy.xlsx,2026_KMM_DATA,Township,Nattlin,BAGO WEST,,,Unmatched,93.3,3,Needs alias or source correction,no exact/normalized/current-alias match; fuzzy below 95; top suggestion Nattalin (Bago (West))
01_Data/Sales/2026_KMM_CPI copy.xlsx,2026_KMM_DATA,Township,Oakpho,BAGO WEST,,,Unmatched,90.9,78,Needs alias or source correction,no exact/normalized/current-alias match; fuzzy below 95; top suggestion Okpho (Bago (West))
01_Data/Sales/2026_KMM_CPI copy.xlsx,2026_KMM_DATA,Township,Pauk Khoung,BAGO WEST,,,Unmatched,90.0,4,Needs alias or source correction,no exact/normalized/current-alias match; fuzzy below 95; top suggestion Paukkhaung (Bago (West))
01_Data/Sales/2026_KMM_CPI copy.xlsx,2026_KMM_DATA,Township,Paundel,BAGO WEST,,,Unmatched,85.7,53,Needs alias or source correction,no exact/normalized/current-alias match; fuzzy below 95; top suggestion Paungde (Bago (West))
01_Data/Sales/2026_KMM_CPI copy.xlsx,2026_KMM_DATA,Township,Paung Dalel,BAGO WEST,,,Unmatched,82.4,2,Needs alias or source correction,no exact/normalized/current-alias match; fuzzy below 95; top suggestion Paungde (Bago (West))
01_Data/Sales/2026_KMM_CPI copy.xlsx,2026_KMM_DATA,Township,Paungdale,BAGO WEST,,,Unmatched,87.5,1,Needs alias or source correction,no exact/normalized/current-alias match; fuzzy below 95; top suggestion Paungde (Bago (West))
01_Data/Sales/2026_KMM_CPI copy.xlsx,2026_KMM_DATA,Township,Paungdel,BAGO WEST,,,Unmatched,93.3,8,Needs alias or source correction,no exact/normalized/current-alias match; fuzzy below 95; top suggestion Paungde (Bago (West))
01_Data/Sales/2026_KMM_CPI copy.xlsx,2026_KMM_DATA,Township,Phayar Paw,BAGO WEST,,,Unmatched,63.2,3,Needs alias or source correction,no exact/normalized/current-alias match; fuzzy below 95; top suggestion Thayarwady (Bago (West))
01_Data/Sales/2026_KMM_CPI copy.xlsx,2026_KMM_DATA,Township,Puthee Kone,BAGO WEST,,,Unmatched,62.5,4,Needs alias or source correction,no exact/normalized/current-alias match; fuzzy below 95; top suggestion Thegon (Bago (West))
01_Data/Sales/2026_KMM_CPI copy.xlsx,2026_KMM_DATA,Township,Shwe Taung,BAGO WEST,,,Unmatched,88.9,31,Needs alias or source correction,no exact/normalized/current-alias match; fuzzy below 95; top suggestion Shwedaung (Bago (West))
01_Data/Sales/2026_KMM_CPI copy.xlsx,2026_KMM_DATA,Township,Taryarwaddy,BAGO WEST,,,Unmatched,85.7,2,Needs alias or source correction,no exact/normalized/current-alias match; fuzzy below 95; top suggestion Thayarwady (Bago (West))
01_Data/Sales/2026_KMM_CPI copy.xlsx,2026_KMM_DATA,Township,Thae Kone,BAGO WEST,,,Unmatched,71.4,43,Needs alias or source correction,no exact/normalized/current-alias match; fuzzy below 95; top suggestion Thegon (Bago (West))
01_Data/Sales/2026_KMM_CPI copy.xlsx,2026_KMM_DATA,Township,ThaeKone,BAGO WEST,,,Unmatched,71.4,11,Needs alias or source correction,no exact/normalized/current-alias match; fuzzy below 95; top suggestion Thegon (Bago (West))
01_Data/Sales/2026_KMM_CPI copy.xlsx,2026_KMM_DATA,Township,Thonze,BAGO WEST,,,Unmatched,66.7,48,Needs alias or source correction,no exact/normalized/current-alias match; fuzzy below 95; top suggestion Thegon (Bago (West))
01_Data/Sales/2026_KMM_CPI copy.xlsx,2026_KMM_DATA,Township,Tikkyi,BAGO WEST,,,Unmatched,28.6,3,Needs alias or source correction,no exact/normalized/current-alias match; fuzzy below 95; top suggestion Nattalin (Bago (West))
01_Data/Sales/2026_KMM_CPI copy.xlsx,2026_KMM_DATA,Township,Tonze,BAGO WEST,,,Unmatched,54.5,2,Needs alias or source correction,no exact/normalized/current-alias match; fuzzy below 95; top suggestion Thegon (Bago (West))
01_Data/Sales/2026_KMM_CPI copy.xlsx,2026_KMM_DATA,Township,Watt Htee Kan,BAGO WEST,,,Unmatched,52.6,2,Needs alias or source correction,no exact/normalized/current-alias match; fuzzy below 95; top suggestion Nattalin (Bago (West))
01_Data/Sales/2026_KMM_CPI copy.xlsx,2026_KMM_DATA,Township,Zeekone,BAGO WEST,,,Unmatched,50.0,37,Needs alias or source correction,no exact/normalized/current-alias match; fuzzy below 95; top suggestion Zigon (Bago (West))
01_Data/Sales/2026_KMM_CPI copy.xlsx,2026_KMM_DATA,Township,zeekone,BAGO WEST,,,Unmatched,50.0,1,Needs alias or source correction,no exact/normalized/current-alias match; fuzzy below 95; top suggestion Zigon (Bago (West))
01_Data/Sales/2026_KMM_CPI copy.xlsx,2026_KMM_DATA,Township,Myawady,KAYIN,,,Unmatched,93.3,4,Needs alias or source correction,no exact/normalized/current-alias match; fuzzy below 95; top suggestion Myawaddy (Kayin)
01_Data/Sales/2026_KMM_CPI copy.xlsx,2026_KMM_DATA,Township,Kan ma,MAGWAY,,,Unmatched,80.0,1,Needs alias or source correction,no exact/normalized/current-alias match; fuzzy below 95; top suggestion Kamma (Magway)
01_Data/Sales/2026_KMM_CPI copy.xlsx,2026_KMM_DATA,Township,Kanma,MAGWAY,,,Unmatched,80.0,3,Needs alias or source correction,no exact/normalized/current-alias match; fuzzy below 95; top suggestion Kamma (Magway)
01_Data/Sales/2026_KMM_CPI copy.xlsx,2026_KMM_DATA,Township,Myoe Thit,MAGWAY,,,Unmatched,93.3,9,Needs alias or source correction,no exact/normalized/current-alias match; fuzzy below 95; top suggestion Myothit (Magway)
01_Data/Sales/2026_KMM_CPI copy.xlsx,2026_KMM_DATA,Township,Nat Mount,MAGWAY,,,Unmatched,66.7,1,Needs alias or source correction,no exact/normalized/current-alias match; fuzzy below 95; top suggestion Natmauk (Magway)
01_Data/Sales/2026_KMM_CPI copy.xlsx,2026_KMM_DATA,Township,Natmount,MAGWAY,,,Unmatched,66.7,1,Needs alias or source correction,no exact/normalized/current-alias match; fuzzy below 95; top suggestion Natmauk (Magway)
01_Data/Sales/2026_KMM_CPI copy.xlsx,2026_KMM_DATA,Township,Saik Phyu,MAGWAY,,,Unmatched,87.5,3,Needs alias or source correction,no exact/normalized/current-alias match; fuzzy below 95; top suggestion Seikphyu (Magway)
01_Data/Sales/2026_KMM_CPI copy.xlsx,2026_KMM_DATA,Township,Taung Twin Gyi,MAGWAY,,,Unmatched,91.7,17,Needs alias or source correction,no exact/normalized/current-alias match; fuzzy below 95; top suggestion Taungdwingyi (Magway)
01_Data/Sales/2026_KMM_CPI copy.xlsx,2026_KMM_DATA,Township,Lawe,MANDALAY,,,Unmatched,54.5,3,Needs alias or source correction,no exact/normalized/current-alias match; fuzzy below 95; top suggestion Pyawbwe (Mandalay)
01_Data/Sales/2026_KMM_CPI copy.xlsx,2026_KMM_DATA,Township,Mandalay,MANDALAY,,,Unmatched,71.4,5,Needs alias or source correction,no exact/normalized/current-alias match; fuzzy below 95; top suggestion Madaya (Mandalay)
01_Data/Sales/2026_KMM_CPI copy.xlsx,2026_KMM_DATA,Township,Nahtogyi,MANDALAY,,,Unmatched,93.3,1,Needs alias or source correction,no exact/normalized/current-alias match; fuzzy below 95; top suggestion Natogyi (Mandalay)
01_Data/Sales/2026_KMM_CPI copy.xlsx,2026_KMM_DATA,Township,Nay Pyi Taw,MANDALAY,,,Unmatched,50.0,20,Needs alias or source correction,no exact/normalized/current-alias match; fuzzy below 95; top suggestion Myittha (Mandalay)
01_Data/Sales/2026_KMM_CPI copy.xlsx,2026_KMM_DATA,Township,Naypyitaw,MANDALAY,,,Unmatched,50.0,79,Needs alias or source correction,no exact/normalized/current-alias match; fuzzy below 95; top suggestion Myittha (Mandalay)
01_Data/Sales/2026_KMM_CPI copy.xlsx,2026_KMM_DATA,Township,Tharse,MANDALAY,,,Unmatched,54.5,3,Needs alias or source correction,no exact/normalized/current-alias match; fuzzy below 95; top suggestion Thazi (Mandalay)
01_Data/Sales/2026_KMM_CPI copy.xlsx,2026_KMM_DATA,Township,Tharsi,MANDALAY,,,Unmatched,72.7,2,Needs alias or source correction,no exact/normalized/current-alias match; fuzzy below 95; top suggestion Thazi (Mandalay)
01_Data/Sales/2026_KMM_CPI copy.xlsx,2026_KMM_DATA,Township,Chanungzon,MON,,,Unmatched,94.7,28,Needs alias or source correction,no exact/normalized/current-alias match; fuzzy below 95; top suggestion Chaungzon (Mon)
01_Data/Sales/2026_KMM_CPI copy.xlsx,2026_KMM_DATA,Township,Kyaikhto,MON,,,Unmatched,93.3,15,Needs alias or source correction,no exact/normalized/current-alias match; fuzzy below 95; top suggestion Kyaikto (Mon)
01_Data/Sales/2026_KMM_CPI copy.xlsx,2026_KMM_DATA,Township,Naypyitaw,NAYPYITAW,,,Unmatched,47.1,3,Needs alias or source correction,no exact/normalized/current-alias match; fuzzy below 95; top suggestion Pyinmana (Nay Pyi Taw)
01_Data/Sales/2026_KMM_CPI copy.xlsx,2026_KMM_DATA,Township,Watt Latt,SAGAING,,,Unmatched,57.1,1,Needs alias or source correction,no exact/normalized/current-alias match; fuzzy below 95; top suggestion Wetlet (Sagaing)
01_Data/Sales/2026_KMM_CPI copy.xlsx,2026_KMM_DATA,Township,Hispaw,SHAN,,,Unmatched,83.3,5,Needs alias or source correction,no exact/normalized/current-alias match; fuzzy below 95; top suggestion Hsipaw (Shan (North))
01_Data/Sales/2026_KMM_CPI copy.xlsx,2026_KMM_DATA,Township,Kyoukmae,SHAN,,,Unmatched,80.0,2,Needs alias or source correction,no exact/normalized/current-alias match; fuzzy below 95; top suggestion Kyaukme (Shan (North))
01_Data/Sales/2026_KMM_CPI copy.xlsx,2026_KMM_DATA,Township,Kyoukme,SHAN,,,Unmatched,85.7,3,Needs alias or source correction,no exact/normalized/current-alias match; fuzzy below 95; top suggestion Kyaukme (Shan (North))
01_Data/Sales/2026_KMM_CPI copy.xlsx,2026_KMM_DATA,Township,Nam San,SHAN,,,Unmatched,92.3,1,Needs alias or source correction,no exact/normalized/current-alias match; fuzzy below 95; top suggestion Namhsan (Shan (North))
01_Data/Sales/2026_KMM_CPI copy.xlsx,2026_KMM_DATA,Township,Yatsauk,SHAN,,,Unmatched,57.1,1,Needs alias or source correction,no exact/normalized/current-alias match; fuzzy below 95; top suggestion Kyaukme (Shan (North))
01_Data/Sales/2026_KMM_CPI copy.xlsx,2026_KMM_DATA,Township,Launglone,TANINTHARYI,,,Unmatched,94.1,1,Needs alias or source correction,no exact/normalized/current-alias match; fuzzy below 95; top suggestion Launglon (Tanintharyi)
01_Data/Sales/2026_KMM_CPI copy.xlsx,2026_KMM_DATA,Township,Thetyat Chaung,TANINTHARYI,,,Unmatched,80.0,3,Needs alias or source correction,no exact/normalized/current-alias match; fuzzy below 95; top suggestion Thayetchaung (Tanintharyi)
01_Data/Sales/2026_KMM_CPI copy.xlsx,2026_KMM_DATA,Township,,YANGON,,,Unmatched,0.0,1,Blank township,blank Township value
01_Data/Sales/2026_KMM_CPI copy.xlsx,2026_KMM_DATA,Township,Ba Yint Naing,YANGON,,,Unmatched,58.3,2,Needs alias or source correction,no exact/normalized/current-alias match; fuzzy below 95; top suggestion Kyeemyindaing (Yangon)
01_Data/Sales/2026_KMM_CPI copy.xlsx,2026_KMM_DATA,Township,Ba Yint Naung,YANGON,,,Unmatched,66.7,1,Needs alias or source correction,no exact/normalized/current-alias match; fuzzy below 95; top suggestion Botahtaung (Yangon)
01_Data/Sales/2026_KMM_CPI copy.xlsx,2026_KMM_DATA,Township,Dagon Seikkan,YANGON,,,Unmatched,77.4,1,Needs alias or source correction,no exact/normalized/current-alias match; fuzzy below 95; top suggestion Dagon Myothit (Seikkan) (Yangon)
01_Data/Sales/2026_KMM_CPI copy.xlsx,2026_KMM_DATA,Township,Hlaing Tharyar,YANGON,,,Unmatched,82.8,9,Needs alias or source correction,no exact/normalized/current-alias match; fuzzy below 95; top suggestion Hlaingtharya (East) (Yangon)
01_Data/Sales/2026_KMM_CPI copy.xlsx,2026_KMM_DATA,Township,Hlaingtharya,YANGON,,,Unmatched,85.7,3,Needs alias or source correction,no exact/normalized/current-alias match; fuzzy below 95; top suggestion Hlaingtharya (East) (Yangon)
01_Data/Sales/2026_KMM_CPI copy.xlsx,2026_KMM_DATA,Township,Htan Ta Pin,YANGON,,,Unmatched,88.9,4,Needs alias or source correction,no exact/normalized/current-alias match; fuzzy below 95; top suggestion Htantabin (Yangon)
01_Data/Sales/2026_KMM_CPI copy.xlsx,2026_KMM_DATA,Township,Htan Tapin,YANGON,,,Unmatched,88.9,1,Needs alias or source correction,no exact/normalized/current-alias match; fuzzy below 95; top suggestion Htantabin (Yangon)
01_Data/Sales/2026_KMM_CPI copy.xlsx,2026_KMM_DATA,Township,Kamayut,YANGON,,,Unmatched,93.3,1,Needs alias or source correction,no exact/normalized/current-alias match; fuzzy below 95; top suggestion Kamaryut (Yangon)
01_Data/Sales/2026_KMM_CPI copy.xlsx,2026_KMM_DATA,Township,Khayan,YANGON,,,Unmatched,90.9,2,Needs alias or source correction,no exact/normalized/current-alias match; fuzzy below 95; top suggestion Kayan (Yangon)
01_Data/Sales/2026_KMM_CPI copy.xlsx,2026_KMM_DATA,Township,Lanmataw,YANGON,,,Unmatched,87.5,1,Needs alias or source correction,no exact/normalized/current-alias match; fuzzy below 95; top suggestion Lanmadaw (Yangon)
01_Data/Sales/2026_KMM_CPI copy.xlsx,2026_KMM_DATA,Township,Mayan Kone,YANGON,,,Unmatched,88.9,4,Needs alias or source correction,no exact/normalized/current-alias match; fuzzy below 95; top suggestion Mayangone (Yangon)
01_Data/Sales/2026_KMM_CPI copy.xlsx,2026_KMM_DATA,Township,Oakkan,YANGON,,,Unmatched,57.1,10,Needs alias or source correction,no exact/normalized/current-alias match; fuzzy below 95; top suggestion Kyauktan (Yangon)
01_Data/Sales/2026_KMM_CPI copy.xlsx,2026_KMM_DATA,Township,Thone Gwa,YANGON,,,Unmatched,93.3,1,Needs alias or source correction,no exact/normalized/current-alias match; fuzzy below 95; top suggestion Thongwa (Yangon)
01_Data/Sales/2026_KMM_CPI copy.xlsx,2026_KMM_DATA,Township,Tikkyi,YANGON,,,Unmatched,92.3,60,Needs alias or source correction,no exact/normalized/current-alias match; fuzzy below 95; top suggestion Taikkyi (Yangon)
01_Data/Sales/2026_KMM_CPI copy.xlsx,2026_KMM_DATA,Township,Tontay,YANGON,,,Unmatched,76.9,5,Needs alias or source correction,no exact/normalized/current-alias match; fuzzy below 95; top suggestion Twantay (Yangon)
01_Data/Sales/2026_KMM_CPI copy.xlsx,2026_KMM_DATA,Township,ToonTay,YANGON,,,Unmatched,71.4,3,Needs alias or source correction,no exact/normalized/current-alias match; fuzzy below 95; top suggestion Twantay (Yangon)
01_Data/Sales/2026_KMM_CPI copy.xlsx,2026_KMM_DATA,Township,Twante,YANGON,,,Unmatched,76.9,2,Needs alias or source correction,no exact/normalized/current-alias match; fuzzy below 95; top suggestion Twantay (Yangon)
01_Data/Sales/2026_KMM_CPI copy.xlsx,2026_KMM_DATA,Township,Yangon,YANGON,,,Unmatched,80.0,7,Needs alias or source correction,no exact/normalized/current-alias match; fuzzy below 95; top suggestion Mayangone (Yangon)
01_Data/Stock/2026_KMM_R2_STOCK.xlsx,02) STOCK,Location,0,,,,Unmatched,0.0,1,Needs alias or source correction,no exact/normalized/current-alias match; fuzzy below 95; top suggestion Bogale (Ayeyarwady)
01_Data/Stock/2026_KMM_R2_STOCK.xlsx,02) STOCK,Location,01-HPA,,,,Unmatched,60.0,5,Needs alias or source correction,no exact/normalized/current-alias match; fuzzy below 95; top suggestion Hpa-An (Kayin)
01_Data/Stock/2026_KMM_R2_STOCK.xlsx,02) STOCK,Location,01-MWD,,,,Unmatched,46.2,14,Needs alias or source correction,no exact/normalized/current-alias match; fuzzy below 95; top suggestion Myawaddy (Kayin)
01_Data/Stock/2026_KMM_R2_STOCK.xlsx,02) STOCK,Location,01-NCH,,,,Unmatched,42.9,21,Needs alias or source correction,no exact/normalized/current-alias match; fuzzy below 95; top suggestion Sanchaung (Yangon)
01_Data/Stock/2026_KMM_R2_STOCK.xlsx,02) STOCK,Location,02-MLY,,,,Unmatched,40.0,75,Needs alias or source correction,no exact/normalized/current-alias match; fuzzy below 95; top suggestion Monyo (Bago (West))
01_Data/Stock/2026_KMM_R2_STOCK.xlsx,02) STOCK,Location,03-Hlegu,,,,Unmatched,83.3,86,Needs alias or source correction,no exact/normalized/current-alias match; fuzzy below 95; top suggestion Hlegu (Yangon)
01_Data/Stock/2026_KMM_R2_STOCK.xlsx,02) STOCK,Location,03-NL,,,,Unmatched,40.0,3,Needs alias or source correction,no exact/normalized/current-alias match; fuzzy below 95; top suggestion Minhla (Bago (West))
01_Data/Stock/2026_KMM_R2_STOCK.xlsx,02) STOCK,Location,03-THZ,,,,Unmatched,60.0,11,Needs alias or source correction,no exact/normalized/current-alias match; fuzzy below 95; top suggestion Thazi (Mandalay)
01_Data/Stock/2026_KMM_R2_STOCK.xlsx,02) STOCK,Location,03-TYD,,,,Unmatched,40.0,30,Needs alias or source correction,no exact/normalized/current-alias match; fuzzy below 95; top suggestion Thayarwady (Bago (West))
01_Data/Stock/2026_KMM_R2_STOCK.xlsx,02) STOCK,Location,605,,,,Unmatched,0.0,1,Needs alias or source correction,no exact/normalized/current-alias match; fuzzy below 95; top suggestion Bogale (Ayeyarwady)
01_Data/Stock/2026_KMM_R2_STOCK.xlsx,02) STOCK,Location,GD-MWD,,,,Unmatched,50.0,36,Needs alias or source correction,no exact/normalized/current-alias match; fuzzy below 95; top suggestion Gwa (Rakhine)
01_Data/Stock/2026_KMM_R2_STOCK.xlsx,02) STOCK,Location,0, Bago East Division,,,Unmatched,0.0,3,Needs alias or source correction,no exact/normalized/current-alias match; fuzzy below 95; top suggestion Bago (Bago (East))
01_Data/Stock/2026_KMM_R2_STOCK.xlsx,02) STOCK,Location,0, Mon State,,,Unmatched,0.0,4,Needs alias or source correction,no exact/normalized/current-alias match; fuzzy below 95; top suggestion Bilin (Mon)
01_Data/Stock/2026_KMM_R2_STOCK.xlsx,02) STOCK,Location,0,Ayeyarwaddy Division,,,Unmatched,0.0,7,Needs alias or source correction,no exact/normalized/current-alias match; fuzzy below 95; top suggestion Bogale (Ayeyarwady)
01_Data/Stock/2026_KMM_R2_STOCK.xlsx,02) STOCK,Location,0,Ayeyarwady Division ,,,Unmatched,0.0,6,Needs alias or source correction,no exact/normalized/current-alias match; fuzzy below 95; top suggestion Bogale (Ayeyarwady)
01_Data/Stock/2026_KMM_R2_STOCK.xlsx,02) STOCK,Location,0,Bago East Division,,,Unmatched,0.0,9,Needs alias or source correction,no exact/normalized/current-alias match; fuzzy below 95; top suggestion Bago (Bago (East))
01_Data/Stock/2026_KMM_R2_STOCK.xlsx,02) STOCK,Location,0,Bago West Division,,,Unmatched,0.0,126,Needs alias or source correction,no exact/normalized/current-alias match; fuzzy below 95; top suggestion Gyobingauk (Bago (West))
01_Data/Stock/2026_KMM_R2_STOCK.xlsx,02) STOCK,Location,0,Kayin State,,,Unmatched,0.0,8,Needs alias or source correction,no exact/normalized/current-alias match; fuzzy below 95; top suggestion Hlaingbwe (Kayin)
01_Data/Stock/2026_KMM_R2_STOCK.xlsx,02) STOCK,Location,0,Magway Division,,,Unmatched,0.0,21,Needs alias or source correction,no exact/normalized/current-alias match; fuzzy below 95; top suggestion Aunglan (Magway)
01_Data/Stock/2026_KMM_R2_STOCK.xlsx,02) STOCK,Location,0,Mandalay Division,,,Unmatched,0.0,2,Needs alias or source correction,no exact/normalized/current-alias match; fuzzy below 95; top suggestion Amarapura (Mandalay)
01_Data/Stock/2026_KMM_R2_STOCK.xlsx,02) STOCK,Location,0,Mon State,,,Unmatched,0.0,101,Needs alias or source correction,no exact/normalized/current-alias match; fuzzy below 95; top suggestion Bilin (Mon)
01_Data/Stock/2026_KMM_R2_STOCK.xlsx,02) STOCK,Location,0,Shan State,,,Unmatched,0.0,5,Needs alias or source correction,no exact/normalized/current-alias match; fuzzy below 95; top suggestion Kengtung (Shan (East))
01_Data/Stock/2026_KMM_R2_STOCK.xlsx,02) STOCK,Location,0,Tanintharyi Division,,,Unmatched,0.0,10,Needs alias or source correction,no exact/normalized/current-alias match; fuzzy below 95; top suggestion Bokpyin (Tanintharyi)
01_Data/Stock/2026_KMM_R2_STOCK.xlsx,02) STOCK,Location,0,Yangon Division,,,Unmatched,0.0,21,Needs alias or source correction,no exact/normalized/current-alias match; fuzzy below 95; top suggestion Ahlone (Yangon)
